Workbook

Sheet 사용법
B3: 사용법
B4: "배정"이라는 시트에 반과 이름을 써 넣으면 자동적으로 "해당면학실 층" 시트에 반영이 되어 편리하게 사용하실 수 있습니다. "면학실 2층"시트는 건드리지 말아주시기 바랍니다.

Sheet 자율관 배정
B2: 자리번호 | C2: HR | D2: 이름 | E2: 학번 | F2: 성별 | G2: 비고
B3: 2A001
B4: 2A003
B5: 2A005
B6: 2A007
B7: 2A009
B8: 2A011
B9: 2A013
B10: 2A015
B11: 2A017
B12: 2A019
B13: 2A021
B14: 2A023
... B183: 2D121

Sheet 자율관2층
B2: 자율관 2층 배치도
B6: 2B069 | C6: 2B068 | D6: 2B067 | E6: 2B066 | F6: 2B065 | H6: 2B064 | I6: 2B063 | J6: 2B062 | K6: 2B061 | L6: 2B060 | O6: 2B059 | P6: 2B058 | Q6: 2B057 | R6: 2B056 | S6: 2B055 | V6: 2C045 | W6: 2C044 | X6: 2C043 | Y6: 2C042 | Z6: 2C041 | AB6: 2C040 | AC6: 2C039 | AD6: 2C038 | AE6: 2C037 | AF6: 2C036
B7: =IFERROR(VLOOKUP(B6,'자율관 배정'!$B:$G,3,FALSE)&"("&VLOOKUP(B6,'자율관 배정'!$B:$F,2,FALSE)&")","") -> () | C7: =IFERROR(VLOOKUP(C6,'자율관 배정'!$B:$G,3,FALSE)&"("&VLOOKUP(C6,'자율관 배정'!$B:$F,2,FALSE)&")","") | D7: =IFERROR(VLOOKUP(D6,'자율관 배정'!$B:$G,3,FALSE)&"("&VLOOKUP(D6,'자율관 배정'!$B:$F,2,FALSE)&")","") -> () | E7: =IFERROR(VLOOKUP(E6,'자율관 배정'!$B:$G,3,FALSE)&"("&VLOOKUP(E6,'자율관 배정'!$B:$F,2,FALSE)&")","") | F7: =IFERROR(VLOOKUP(F6,'자율관 배정'!$B:$G,3,FALSE)&"("&VLOOKUP(F6,'자율관 배정'!$B:$F,2,FALSE)&")","") -> () | H7: =IFERROR(VLOOKUP(H6,'자율관 배정'!$B:$G,3,FALSE)&"("&VLOOKUP(H6,'자율관 배정'!$B:$F,2,FALSE)&")","") | I7: =IFERROR(VLOOKUP(I6,'자율관 배정'!$B:$G,3,FALSE)&"("&VLOOKUP(I6,'자율관 배정'!$B:$F,2,FALSE)&")","") -> () | J7: =IFERROR(VLOOKUP(J6,'자율관 배정'!$B:$G,3,FALSE)&"("&VLOOKUP(J6,'자율관 배정'!$B:$F,2,FALSE)&")","") | K7: =IFERROR(VLOOKUP(K6,'자율관 배정'!$B:$G,3,FALSE)&"("&VLOOKUP(K6,'자율관 배정'!$B:$F,2,FALSE)&")","") -> () | L7: =IFERROR(VLOOKUP(L6,'자율관 배정'!$B:$G,3,FALSE)&"("&VLOOKUP(L6,'자율관 배정'!$B:$F,2,FALSE)&")","") | O7: =IFERROR(VLOOKUP(O6,'자율관 배정'!$B:$G,3,FALSE)&"("&VLOOKUP(O6,'자율관 배정'!$B:$F,2,FALSE)&")","") -> () | P7: =IFERROR(VLOOKUP(P6,'자율관 배정'!$B:$G,3,FALSE)&"("&VLOOKUP(P6,'자율관 배정'!$B:$F,2,FALSE)&")","") | Q7: =IFERROR(VLOOKUP(Q6,'자율관 배정'!$B:$G,3,FALSE)&"("&VLOOKUP(Q6,'자율관 배정'!$B:$F,2,FALSE)&")","") -> () | R7: =IFERROR(VLOOKUP(R6,'자율관 배정'!$B:$G,3,FALSE)&"("&VLOOKUP(R6,'자율관 배정'!$B:$F,2,FALSE)&")","") | S7: =IFERROR(VLOOKUP(S6,'자율관 배정'!$B:$G,3,FALSE)&"("&VLOOKUP(S6,'자율관 배정'!$B:$F,2,FALSE)&")","") -> () | V7: =IFERROR(VLOOKUP(V6,'자율관 배정'!$B:$G,3,FALSE)&"("&VLOOKUP(V6,'자율관 배정'!$B:$F,2,FALSE)&")","") -> () | W7: =IFERROR(VLOOKUP(W6,'자율관 배정'!$B:$G,3,FALSE)&"("&VLOOKUP(W6,'자율관 배정'!$B:$F,2,FALSE)&")","") | X7: =IFERROR(VLOOKUP(X6,'자율관 배정'!$B:$G,3,FALSE)&"("&VLOOKUP(X6,'자율관 배정'!$B:$F,2,FALSE)&")","") -> () | Y7: =IFERROR(VLOOKUP(Y6,'자율관 배정'!$B:$G,3,FALSE)&"("&VLOOKUP(Y6,'자율관 배정'!$B:$F,2,FALSE)&")","") | Z7: =IFERROR(VLOOKUP(Z6,'자율관 배정'!$B:$G,3,FALSE)&"("&VLOOKUP(Z6,'자율관 배정'!$B:$F,2,FALSE)&")","") -> () | AB7: =IFERROR(VLOOKUP(AB6,'자율관 배정'!$B:$G,3,FALSE)&"("&VLOOKUP(AB6,'자율관 배정'!$B:$F,2,FALSE)&")","") | AC7: =IFERROR(VLOOKUP(AC6,'자율관 배정'!$B:$G,3,FALSE)&"("&VLOOKUP(AC6,'자율관 배정'!$B:$F,2,FALSE)&")","") -> () | AD7: =IFERROR(VLOOKUP(AD6,'자율관 배정'!$B:$G,3,FALSE)&"("&VLOOKUP(AD6,'자율관 배정'!$B:$F,2,FALSE)&")","") | AE7: =IFERROR(VLOOKUP(AE6,'자율관 배정'!$B:$G,3,FALSE)&"("&VLOOKUP(AE6,'자율관 배정'!$B:$F,2,FALSE)&")","") -> () | AF7: =IFERROR(VLOOKUP(AF6,'자율관 배정'!$B:$G,3,FALSE)&"("&VLOOKUP(AF6,'자율관 배정'!$B:$F,2,FALSE)&")","")
B8: 2B054 | C8: 2B053 | D8: 2B052 | E8: 2B051 | F8: 2B050 | H8: 2B049 | I8: 2B048 | J8: 2B047 | K8: 2B046 | L8: 2B045 | O8: 2B044 | P8: 2B043 | Q8: 2B042 | R8: 2B041 | S8: 2B040 | V8: 2C035 | W8: 2C034 | X8: 2C033 | Y8: 2C032 | Z8: 2C031 | AB8: 2C030 | AC8: 2C029 | AD8: 2C028 | AE8: 2C027 | AF8: 2C026
B9: =IFERROR(VLOOKUP(B8,'자율관 배정'!$B:$G,3,FALSE)&"("&VLOOKUP(B8,'자율관 배정'!$B:$F,2,FALSE)&")","") | C9: =IFERROR(VLOOKUP(C8,'자율관 배정'!$B:$G,3,FALSE)&"("&VLOOKUP(C8,'자율관 배정'!$B:$F,2,FALSE)&")","") -> () | D9: =IFERROR(VLOOKUP(D8,'자율관 배정'!$B:$G,3,FALSE)&"("&VLOOKUP(D8,'자율관 배정'!$B:$F,2,FALSE)&")","") | E9: =IFERROR(VLOOKUP(E8,'자율관 배정'!$B:$G,3,FALSE)&"("&VLOOKUP(E8,'자율관 배정'!$B:$F,2,FALSE)&")","") -> () | F9: =IFERROR(VLOOKUP(F8,'자율관 배정'!$B:$G,3,FALSE)&"("&VLOOKUP(F8,'자율관 배정'!$B:$F,2,FALSE)&")","") | H9: =IFERROR(VLOOKUP(H8,'자율관 배정'!$B:$G,3,FALSE)&"("&VLOOKUP(H8,'자율관 배정'!$B:$F,2,FALSE)&")","") -> () | I9: =IFERROR(VLOOKUP(I8,'자율관 배정'!$B:$G,3,FALSE)&"("&VLOOKUP(I8,'자율관 배정'!$B:$F,2,FALSE)&")","") | J9: =IFERROR(VLOOKUP(J8,'자율관 배정'!$B:$G,3,FALSE)&"("&VLOOKUP(J8,'자율관 배정'!$B:$F,2,FALSE)&")","") -> () | K9: =IFERROR(VLOOKUP(K8,'자율관 배정'!$B:$G,3,FALSE)&"("&VLOOKUP(K8,'자율관 배정'!$B:$F,2,FALSE)&")","") | L9: =IFERROR(VLOOKUP(L8,'자율관 배정'!$B:$G,3,FALSE)&"("&VLOOKUP(L8,'자율관 배정'!$B:$F,2,FALSE)&")","") -> () | O9: =IFERROR(VLOOKUP(O8,'자율관 배정'!$B:$G,3,FALSE)&"("&VLOOKUP(O8,'자율관 배정'!$B:$F,2,FALSE)&")","") | P9: =IFERROR(VLOOKUP(P8,'자율관 배정'!$B:$G,3,FALSE)&"("&VLOOKUP(P8,'자율관 배정'!$B:$F,2,FALSE)&")","") -> () | Q9: =IFERROR(VLOOKUP(Q8,'자율관 배정'!$B:$G,3,FALSE)&"("&VLOOKUP(Q8,'자율관 배정'!$B:$F,2,FALSE)&")","") | R9: =IFERROR(VLOOKUP(R8,'자율관 배정'!$B:$G,3,FALSE)&"("&VLOOKUP(R8,'자율관 배정'!$B:$F,2,FALSE)&")","") -> () | S9: =IFERROR(VLOOKUP(S8,'자율관 배정'!$B:$G,3,FALSE)&"("&VLOOKUP(S8,'자율관 배정'!$B:$F,2,FALSE)&")","") | V9: =IFERROR(VLOOKUP(V8,'자율관 배정'!$B:$G,3,FALSE)&"("&VLOOKUP(V8,'자율관 배정'!$B:$F,2,FALSE)&")","") | W9: =IFERROR(VLOOKUP(W8,'자율관 배정'!$B:$G,3,FALSE)&"("&VLOOKUP(W8,'자율관 배정'!$B:$F,2,FALSE)&")","") -> () | X9: =IFERROR(VLOOKUP(X8,'자율관 배정'!$B:$G,3,FALSE)&"("&VLOOKUP(X8,'자율관 배정'!$B:$F,2,FALSE)&")","") | Y9: =IFERROR(VLOOKUP(Y8,'자율관 배정'!$B:$G,3,FALSE)&"("&VLOOKUP(Y8,'자율관 배정'!$B:$F,2,FALSE)&")","") -> () | Z9: =IFERROR(VLOOKUP(Z8,'자율관 배정'!$B:$G,3,FALSE)&"("&VLOOKUP(Z8,'자율관 배정'!$B:$F,2,FALSE)&")","") | AB9: =IFERROR(VLOOKUP(AB8,'자율관 배정'!$B:$G,3,FALSE)&"("&VLOOKUP(AB8,'자율관 배정'!$B:$F,2,FALSE)&")","") -> () | AC9: =IFERROR(VLOOKUP(AC8,'자율관 배정'!$B:$G,3,FALSE)&"("&VLOOKUP(AC8,'자율관 배정'!$B:$F,2,FALSE)&")","") | AD9: =IFERROR(VLOOKUP(AD8,'자율관 배정'!$B:$G,3,FALSE)&"("&VLOOKUP(AD8,'자율관 배정'!$B:$F,2,FALSE)&")","") -> () | AE9: =IFERROR(VLOOKUP(AE8,'자율관 배정'!$B:$G,3,FALSE)&"("&VLOOKUP(AE8,'자율관 배정'!$B:$F,2,FALSE)&")","") | AF9: =IFERROR(VLOOKUP(AF8,'자율관 배정'!$B:$G,3,FALSE)&"("&VLOOKUP(AF8,'자율관 배정'!$B:$F,2,FALSE)&")","") -> ()
B11: 2B039 | C11: 2B038 | D11: 2B037 | E11: 2B036 | F11: 2B035 | H11: 2B034 | I11: 2B033 | J11: 2B032 | K11: 2B031 | L11: 2B030 | O11: 2B029 | P11: 2B28 | Q11: 2B027 | R11: 2B026 | S11: 2B025 | V11: 2C025 | W11: 2C024 | X11: 2C023 | Y11: 2C022 | Z11: 2C021 | AB11: 2C020 | AC11: 2C019 | AD11: 2C018 | AE11: 2C017 | AF11: 2C016
B12: =IFERROR(VLOOKUP(B11,'자율관 배정'!$B:$G,3,FALSE)&"("&VLOOKUP(B11,'자율관 배정'!$B:$F,2,FALSE)&")","") -> () | C12: =IFERROR(VLOOKUP(C11,'자율관 배정'!$B:$G,3,FALSE)&"("&VLOOKUP(C11,'자율관 배정'!$B:$F,2,FALSE)&")","") | D12: =IFERROR(VLOOKUP(D11,'자율관 배정'!$B:$G,3,FALSE)&"("&VLOOKUP(D11,'자율관 배정'!$B:$F,2,FALSE)&")","") -> () | E12: =IFERROR(VLOOKUP(E11,'자율관 배정'!$B:$G,3,FALSE)&"("&VLOOKUP(E11,'자율관 배정'!$B:$F,2,FALSE)&")","") | F12: =IFERROR(VLOOKUP(F11,'자율관 배정'!$B:$G,3,FALSE)&"("&VLOOKUP(F11,'자율관 배정'!$B:$F,2,FALSE)&")","") -> () | H12: =IFERROR(VLOOKUP(H11,'자율관 배정'!$B:$G,3,FALSE)&"("&VLOOKUP(H11,'자율관 배정'!$B:$F,2,FALSE)&")","") | I12: =IFERROR(VLOOKUP(I11,'자율관 배정'!$B:$G,3,FALSE)&"("&VLOOKUP(I11,'자율관 배정'!$B:$F,2,FALSE)&")","") -> () | J12: =IFERROR(VLOOKUP(J11,'자율관 배정'!$B:$G,3,FALSE)&"("&VLOOKUP(J11,'자율관 배정'!$B:$F,2,FALSE)&")","") | K12: =IFERROR(VLOOKUP(K11,'자율관 배정'!$B:$G,3,FALSE)&"("&VLOOKUP(K11,'자율관 배정'!$B:$F,2,FALSE)&")","") -> () | L12: =IFERROR(VLOOKUP(L11,'자율관 배정'!$B:$G,3,FALSE)&"("&VLOOKUP(L11,'자율관 배정'!$B:$F,2,FALSE)&")","") | O12: =IFERROR(VLOOKUP(O11,'자율관 배정'!$B:$G,3,FALSE)&"("&VLOOKUP(O11,'자율관 배정'!$B:$F,2,FALSE)&")","") -> () | P12: =IFERROR(VLOOKUP(P11,'자율관 배정'!$B:$G,3,FALSE)&"("&VLOOKUP(P11,'자율관 배정'!$B:$F,2,FALSE)&")","") | Q12: =IFERROR(VLOOKUP(Q11,'자율관 배정'!$B:$G,3,FALSE)&"("&VLOOKUP(Q11,'자율관 배정'!$B:$F,2,FALSE)&")","") -> () | R12: =IFERROR(VLOOKUP(R11,'자율관 배정'!$B:$G,3,FALSE)&"("&VLOOKUP(R11,'자율관 배정'!$B:$F,2,FALSE)&")","") | S12: =IFERROR(VLOOKUP(S11,'자율관 배정'!$B:$G,3,FALSE)&"("&VLOOKUP(S11,'자율관 배정'!$B:$F,2,FALSE)&")","") -> () | V12: =IFERROR(VLOOKUP(V11,'자율관 배정'!$B:$G,3,FALSE)&"("&VLOOKUP(V11,'자율관 배정'!$B:$F,2,FALSE)&")","") -> () | W12: =IFERROR(VLOOKUP(W11,'자율관 배정'!$B:$G,3,FALSE)&"("&VLOOKUP(W11,'자율관 배정'!$B:$F,2,FALSE)&")","") | X12: =IFERROR(VLOOKUP(X11,'자율관 배정'!$B:$G,3,FALSE)&"("&VLOOKUP(X11,'자율관 배정'!$B:$F,2,FALSE)&")","") -> () | Y12: =IFERROR(VLOOKUP(Y11,'자율관 배정'!$B:$G,3,FALSE)&"("&VLOOKUP(Y11,'자율관 배정'!$B:$F,2,FALSE)&")","") | Z12: =IFERROR(VLOOKUP(Z11,'자율관 배정'!$B:$G,3,FALSE)&"("&VLOOKUP(Z11,'자율관 배정'!$B:$F,2,FALSE)&")","") -> () | AB12: =IFERROR(VLOOKUP(AB11,'자율관 배정'!$B:$G,3,FALSE)&"("&VLOOKUP(AB11,'자율관 배정'!$B:$F,2,FALSE)&")","") | AC12: =IFERROR(VLOOKUP(AC11,'자율관 배정'!$B:$G,3,FALSE)&"("&VLOOKUP(AC11,'자율관 배정'!$B:$F,2,FALSE)&")","") -> () | AD12: =IFERROR(VLOOKUP(AD11,'자율관 배정'!$B:$G,3,FALSE)&"("&VLOOKUP(AD11,'자율관 배정'!$B:$F,2,FALSE)&")","") | AE12: =IFERROR(VLOOKUP(AE11,'자율관 배정'!$B:$G,3,FALSE)&"("&VLOOKUP(AE11,'자율관 배정'!$B:$F,2,FALSE)&")","") -> () | AF12: =IFERROR(VLOOKUP(AF11,'자율관 배정'!$B:$G,3,FALSE)&"("&VLOOKUP(AF11,'자율관 배정'!$B:$F,2,FALSE)&")","")
B13: 2B024 | C13: 2B023 | D13: 2B022 | E13: 2B021 | F13: 2B020 | H13: 2B019 | I13: 2B018 | J13: 2B017 | K13: 2B016 | L13: 2B015 | O13: 2B014 | P13: 2B013 | Q13: 2B012 | R13: 2B011 | S13: 2B010 | V13: 2C015 | W13: 2C014 | X13: 2C013 | Y13: 2C012 | Z13: 2C011 | AB13: 2C010 | AC13: 2C009 | AD13: 2C008 | AE13: 2C007 | AF13: 2C006
B14: =IFERROR(VLOOKUP(B13,'자율관 배정'!$B:$G,3,FALSE)&"("&VLOOKUP(B13,'자율관 배정'!$B:$F,2,FALSE)&")","") | C14: =IFERROR(VLOOKUP(C13,'자율관 배정'!$B:$G,3,FALSE)&"("&VLOOKUP(C13,'자율관 배정'!$B:$F,2,FALSE)&")","") -> () | D14: =IFERROR(VLOOKUP(D13,'자율관 배정'!$B:$G,3,FALSE)&"("&VLOOKUP(D13,'자율관 배정'!$B:$F,2,FALSE)&")","") | E14: =IFERROR(VLOOKUP(E13,'자율관 배정'!$B:$G,3,FALSE)&"("&VLOOKUP(E13,'자율관 배정'!$B:$F,2,FALSE)&")","") -> () | F14: =IFERROR(VLOOKUP(F13,'자율관 배정'!$B:$G,3,FALSE)&"("&VLOOKUP(F13,'자율관 배정'!$B:$F,2,FALSE)&")","") | H14: =IFERROR(VLOOKUP(H13,'자율관 배정'!$B:$G,3,FALSE)&"("&VLOOKUP(H13,'자율관 배정'!$B:$F,2,FALSE)&")","") -> () | I14: =IFERROR(VLOOKUP(I13,'자율관 배정'!$B:$G,3,FALSE)&"("&VLOOKUP(I13,'자율관 배정'!$B:$F,2,FALSE)&")","") | J14: =IFERROR(VLOOKUP(J13,'자율관 배정'!$B:$G,3,FALSE)&"("&VLOOKUP(J13,'자율관 배정'!$B:$F,2,FALSE)&")","") -> () | K14: =IFERROR(VLOOKUP(K13,'자율관 배정'!$B:$G,3,FALSE)&"("&VLOOKUP(K13,'자율관 배정'!$B:$F,2,FALSE)&")","") | L14: =IFERROR(VLOOKUP(L13,'자율관 배정'!$B:$G,3,FALSE)&"("&VLOOKUP(L13,'자율관 배정'!$B:$F,2,FALSE)&")","") -> () | O14: =IFERROR(VLOOKUP(O13,'자율관 배정'!$B:$G,3,FALSE)&"("&VLOOKUP(O13,'자율관 배정'!$B:$F,2,FALSE)&")","") | P14: =IFERROR(VLOOKUP(P13,'자율관 배정'!$B:$G,3,FALSE)&"("&VLOOKUP(P13,'자율관 배정'!$B:$F,2,FALSE)&")","") -> () | Q14: =IFERROR(VLOOKUP(Q13,'자율관 배정'!$B:$G,3,FALSE)&"("&VLOOKUP(Q13,'자율관 배정'!$B:$F,2,FALSE)&")","") | R14: =IFERROR(VLOOKUP(R13,'자율관 배정'!$B:$G,3,FALSE)&"("&VLOOKUP(R13,'자율관 배정'!$B:$F,2,FALSE)&")","") -> () | S14: =IFERROR(VLOOKUP(S13,'자율관 배정'!$B:$G,3,FALSE)&"("&VLOOKUP(S13,'자율관 배정'!$B:$F,2,FALSE)&")","") | V14: =IFERROR(VLOOKUP(V13,'자율관 배정'!$B:$G,3,FALSE)&"("&VLOOKUP(V13,'자율관 배정'!$B:$F,2,FALSE)&")","") | W14: =IFERROR(VLOOKUP(W13,'자율관 배정'!$B:$G,3,FALSE)&"("&VLOOKUP(W13,'자율관 배정'!$B:$F,2,FALSE)&")","") -> () | X14: =IFERROR(VLOOKUP(X13,'자율관 배정'!$B:$G,3,FALSE)&"("&VLOOKUP(X13,'자율관 배정'!$B:$F,2,FALSE)&")","") | Y14: =IFERROR(VLOOKUP(Y13,'자율관 배정'!$B:$G,3,FALSE)&"("&VLOOKUP(Y13,'자율관 배정'!$B:$F,2,FALSE)&")","") -> () | Z14: =IFERROR(VLOOKUP(Z13,'자율관 배정'!$B:$G,3,FALSE)&"("&VLOOKUP(Z13,'자율관 배정'!$B:$F,2,FALSE)&")","") | AB14: =IFERROR(VLOOKUP(AB13,'자율관 배정'!$B:$G,3,FALSE)&"("&VLOOKUP(AB13,'자율관 배정'!$B:$F,2,FALSE)&")","") -> () | AC14: =IFERROR(VLOOKUP(AC13,'자율관 배정'!$B:$G,3,FALSE)&"("&VLOOKUP(AC13,'자율관 배정'!$B:$F,2,FALSE)&")","") | AD14: =IFERROR(VLOOKUP(AD13,'자율관 배정'!$B:$G,3,FALSE)&"("&VLOOKUP(AD13,'자율관 배정'!$B:$F,2,FALSE)&")","") -> () | AE14: =IFERROR(VLOOKUP(AE13,'자율관 배정'!$B:$G,3,FALSE)&"("&VLOOKUP(AE13,'자율관 배정'!$B:$F,2,FALSE)&")","") | AF14: =IFERROR(VLOOKUP(AF13,'자율관 배정'!$B:$G,3,FALSE)&"("&VLOOKUP(AF13,'자율관 배정'!$B:$F,2,FALSE)&")","") -> ()
B16: 2B009 | C16: 2B008 | D16: 2B007 | E16: 2B006 | F16: 2B005 | I16: 2B004 | J16: 2B003 | K16: 2B002 | L16: 2B001 | V16: 2C005 | W16: 2C004 | X16: 2C003 | AE16: 2C002 | AF16: 2C001
B17: =IFERROR(VLOOKUP(B16,'자율관 배정'!$B:$G,3,FALSE)&"("&VLOOKUP(B16,'자율관 배정'!$B:$F,2,FALSE)&")","") -> () | C17: =IFERROR(VLOOKUP(C16,'자율관 배정'!$B:$G,3,FALSE)&"("&VLOOKUP(C16,'자율관 배정'!$B:$F,2,FALSE)&")","") | D17: =IFERROR(VLOOKUP(D16,'자율관 배정'!$B:$G,3,FALSE)&"("&VLOOKUP(D16,'자율관 배정'!$B:$F,2,FALSE)&")","") -> () | E17: =IFERROR(VLOOKUP(E16,'자율관 배정'!$B:$G,3,FALSE)&"("&VLOOKUP(E16,'자율관 배정'!$B:$F,2,FALSE)&")","") | F17: =IFERROR(VLOOKUP(F16,'자율관 배정'!$B:$G,3,FALSE)&"("&VLOOKUP(F16,'자율관 배정'!$B:$F,2,FALSE)&")","") -> () | I17: =IFERROR(VLOOKUP(I16,'자율관 배정'!$B:$G,3,FALSE)&"("&VLOOKUP(I16,'자율관 배정'!$B:$F,2,FALSE)&")","") -> () | J17: =IFERROR(VLOOKUP(J16,'자율관 배정'!$B:$G,3,FALSE)&"("&VLOOKUP(J16,'자율관 배정'!$B:$F,2,FALSE)&")","") | K17: =IFERROR(VLOOKUP(K16,'자율관 배정'!$B:$G,3,FALSE)&"("&VLOOKUP(K16,'자율관 배정'!$B:$F,2,FALSE)&")","") -> () | L17: =IFERROR(VLOOKUP(L16,'자율관 배정'!$B:$G,3,FALSE)&"("&VLOOKUP(L16,'자율관 배정'!$B:$F,2,FALSE)&")","") | V17: =IFERROR(VLOOKUP(V16,'자율관 배정'!$B:$G,3,FALSE)&"("&VLOOKUP(V16,'자율관 배정'!$B:$F,2,FALSE)&")","") -> () | W17: =IFERROR(VLOOKUP(W16,'자율관 배정'!$B:$G,3,FALSE)&"("&VLOOKUP(W16,'자율관 배정'!$B:$F,2,FALSE)&")","") | X17: =IFERROR(VLOOKUP(X16,'자율관 배정'!$B:$G,3,FALSE)&"("&VLOOKUP(X16,'자율관 배정'!$B:$F,2,FALSE)&")","") -> () | AE17: =IFERROR(VLOOKUP(AE16,'자율관 배정'!$B:$G,3,FALSE)&"("&VLOOKUP(AE16,'자율관 배정'!$B:$F,2,FALSE)&")","") -> () | AF17: =IFERROR(VLOOKUP(AF16,'자율관 배정'!$B:$G,3,FALSE)&"("&VLOOKUP(AF16,'자율관 배정'!$B:$F,2,FALSE)&")","")
Q19: 출입문 | AB19: 출입문
B20: 2A101 | C20: =IFERROR(VLOOKUP(B20,'자율관 배정'!$B:$G,3,FALSE)&"("&VLOOKUP(B20,'자율관 배정'!$B:$F,2,FALSE)&")","") -> () | E20: 2A100 | F20: 2A099 | G20: 2A098 | I20: 2A097 | J20: 2A096 | K20: 2A095 | L20: 2A094 | M20: 2A093 | N20: 2A092 | Q20: 출입문 | AB20: 출입문
B21: 2A102 | C21: =IFERROR(VLOOKUP(B21,'자율관 배정'!$B:$G,3,FALSE)&"("&VLOOKUP(B21,'자율관 배정'!$B:$F,2,FALSE)&")","") | E21: =IFERROR(VLOOKUP(E20,'자율관 배정'!$B:$G,3,FALSE)&"("&VLOOKUP(E20,'자율관 배정'!$B:$F,2,FALSE)&")","") | F21: =IFERROR(VLOOKUP(F20,'자율관 배정'!$B:$G,3,FALSE)&"("&VLOOKUP(F20,'자율관 배정'!$B:$F,2,FALSE)&")","") -> () | G21: =IFERROR(VLOOKUP(G20,'자율관 배정'!$B:$G,3,FALSE)&"("&VLOOKUP(G20,'자율관 배정'!$B:$F,2,FALSE)&")","") | I21: =IFERROR(VLOOKUP(I20,'자율관 배정'!$B:$G,3,FALSE)&"("&VLOOKUP(I20,'자율관 배정'!$B:$F,2,FALSE)&")","") -> () | J21: =IFERROR(VLOOKUP(J20,'자율관 배정'!$B:$G,3,FALSE)&"("&VLOOKUP(J20,'자율관 배정'!$B:$F,2,FALSE)&")","") | K21: =IFERROR(VLOOKUP(K20,'자율관 배정'!$B:$G,3,FALSE)&"("&VLOOKUP(K20,'자율관 배정'!$B:$F,2,FALSE)&")","") -> () | L21: =IFERROR(VLOOKUP(L20,'자율관 배정'!$B:$G,3,FALSE)&"("&VLOOKUP(L20,'자율관 배정'!$B:$F,2,FALSE)&")","") | M21: =IFERROR(VLOOKUP(M20,'자율관 배정'!$B:$G,3,FALSE)&"("&VLOOKUP(M20,'자율관 배정'!$B:$F,2,FALSE)&")","") -> () | N21: =IFERROR(VLOOKUP(N20,'자율관 배정'!$B:$G,3,FALSE)&"("&VLOOKUP(N20,'자율관 배정'!$B:$F,2,FALSE)&")","")
B22: 2A103 | C22: =IFERROR(VLOOKUP(B22,'자율관 배정'!$B:$G,3,FALSE)&"("&VLOOKUP(B22,'자율관 배정'!$B:$F,2,FALSE)&")","") -> () | E22: 2A091 | F22: 2A090 | G22: 2A089 | I22: 2A088 | J22: 2A087 | K22: 2A086 | L22: 2A085 | M22: 2A084 | N22: 2A083
B23: 2A104 | C23: =IFERROR(VLOOKUP(B23,'자율관 배정'!$B:$G,3,FALSE)&"("&VLOOKUP(B23,'자율관 배정'!$B:$F,2,FALSE)&")","") | E23: =IFERROR(VLOOKUP(E22,'자율관 배정'!$B:$G,3,FALSE)&"("&VLOOKUP(E22,'자율관 배정'!$B:$F,2,FALSE)&")","") -> () | F23: =IFERROR(VLOOKUP(F22,'자율관 배정'!$B:$G,3,FALSE)&"("&VLOOKUP(F22,'자율관 배정'!$B:$F,2,FALSE)&")","") | G23: =IFERROR(VLOOKUP(G22,'자율관 배정'!$B:$G,3,FALSE)&"("&VLOOKUP(G22,'자율관 배정'!$B:$F,2,FALSE)&")","") -> () | I23: =IFERROR(VLOOKUP(I22,'자율관 배정'!$B:$G,3,FALSE)&"("&VLOOKUP(I22,'자율관 배정'!$B:$F,2,FALSE)&")","") | J23: =IFERROR(VLOOKUP(J22,'자율관 배정'!$B:$G,3,FALSE)&"("&VLOOKUP(J22,'자율관 배정'!$B:$F,2,FALSE)&")","") -> () | K23: =IFERROR(VLOOKUP(K22,'자율관 배정'!$B:$G,3,FALSE)&"("&VLOOKUP(K22,'자율관 배정'!$B:$F,2,FALSE)&")","") | L23: =IFERROR(VLOOKUP(L22,'자율관 배정'!$B:$G,3,FALSE)&"("&VLOOKUP(L22,'자율관 배정'!$B:$F,2,FALSE)&")","") -> () | M23: =IFERROR(VLOOKUP(M22,'자율관 배정'!$B:$G,3,FALSE)&"("&VLOOKUP(M22,'자율관 배정'!$B:$F,2,FALSE)&")","") | N23: =IFERROR(VLOOKUP(N22,'자율관 배정'!$B:$G,3,FALSE)&"("&VLOOKUP(N22,'자율관 배정'!$B:$F,2,FALSE)&")","") -> () | U23: 2D122 | V23: 2D121 | W23: 2D120 | X23: 2D119 | Y23: 2D118 | Z23: 2D117 | AB23: 2D116 | AC23: 2D115 | AD23: 2D114 | AE23: 2D113 | AF23: 2D112
B24: 2A105 | C24: =IFERROR(VLOOKUP(B24,'자율관 배정'!$B:$G,3,FALSE)&"("&VLOOKUP(B24,'자율관 배정'!$B:$F,2,FALSE)&")","") -> () | U24: =IFERROR(VLOOKUP(U23,'자율관 배정'!$B:$G,3,FALSE)&"("&VLOOKUP(U23,'자율관 배정'!$B:$F,2,FALSE)&")","") | V24: =IFERROR(VLOOKUP(V23,'자율관 배정'!$B:$G,3,FALSE)&"("&VLOOKUP(V23,'자율관 배정'!$B:$F,2,FALSE)&")","") -> () | W24: =IFERROR(VLOOKUP(W23,'자율관 배정'!$B:$G,3,FALSE)&"("&VLOOKUP(W23,'자율관 배정'!$B:$F,2,FALSE)&")","") | X24: =IFERROR(VLOOKUP(X23,'자율관 배정'!$B:$G,3,FALSE)&"("&VLOOKUP(X23,'자율관 배정'!$B:$F,2,FALSE)&")","") -> () | Y24: =IFERROR(VLOOKUP(Y23,'자율관 배정'!$B:$G,3,FALSE)&"("&VLOOKUP(Y23,'자율관 배정'!$B:$F,2,FALSE)&")","") | Z24: =IFERROR(VLOOKUP(Z23,'자율관 배정'!$B:$G,3,FALSE)&"("&VLOOKUP(Z23,'자율관 배정'!$B:$F,2,FALSE)&")","") -> () | AB24: =IFERROR(VLOOKUP(AB23,'자율관 배정'!$B:$G,3,FALSE)&"("&VLOOKUP(AB23,'자율관 배정'!$B:$F,2,FALSE)&")","") | AC24: =IFERROR(VLOOKUP(AC23,'자율관 배정'!$B:$G,3,FALSE)&"("&VLOOKUP(AC23,'자율관 배정'!$B:$F,2,FALSE)&")","") -> () | AD24: =IFERROR(VLOOKUP(AD23,'자율관 배정'!$B:$G,3,FALSE)&"("&VLOOKUP(AD23,'자율관 배정'!$B:$F,2,FALSE)&")","") | AE24: =IFERROR(VLOOKUP(AE23,'자율관 배정'!$B:$G,3,FALSE)&"("&VLOOKUP(AE23,'자율관 배정'!$B:$F,2,FALSE)&")","") -> () | AF24: =IFERROR(VLOOKUP(AF23,'자율관 배정'!$B:$G,3,FALSE)&"("&VLOOKUP(AF23,'자율관 배정'!$B:$F,2,FALSE)&")","")
B25: 2A106 | C25: =IFERROR(VLOOKUP(B25,'자율관 배정'!$B:$G,3,FALSE)&"("&VLOOKUP(B25,'자율관 배정'!$B:$F,2,FALSE)&")","") | E25: 2A082 | F25: 2A081 | G25: 2A080 | I25: 2A079 | J25: 2A078 | K25: 2A077 | L25: 2A076 | M25: 2A075 | N25: 2A074 | U25: 2D111 | V25: 2D110 | W25: 2D109 | X25: 2D108 | Y25: 2D107 | Z25: 2D106 | AB25: 2D105 | AC25: 2D104 | AD25: 2D103 | AE25: 2D102 | AF25: 2D101
B26: 2A107 | C26: =IFERROR(VLOOKUP(B26,'자율관 배정'!$B:$G,3,FALSE)&"("&VLOOKUP(B26,'자율관 배정'!$B:$F,2,FALSE)&")","") -> () | E26: =IFERROR(VLOOKUP(E25,'자율관 배정'!$B:$G,3,FALSE)&"("&VLOOKUP(E25,'자율관 배정'!$B:$F,2,FALSE)&")","") | F26: =IFERROR(VLOOKUP(F25,'자율관 배정'!$B:$G,3,FALSE)&"("&VLOOKUP(F25,'자율관 배정'!$B:$F,2,FALSE)&")","") -> () | G26: =IFERROR(VLOOKUP(G25,'자율관 배정'!$B:$G,3,FALSE)&"("&VLOOKUP(G25,'자율관 배정'!$B:$F,2,FALSE)&")","") | I26: =IFERROR(VLOOKUP(I25,'자율관 배정'!$B:$G,3,FALSE)&"("&VLOOKUP(I25,'자율관 배정'!$B:$F,2,FALSE)&")","") -> () | J26: =IFERROR(VLOOKUP(J25,'자율관 배정'!$B:$G,3,FALSE)&"("&VLOOKUP(J25,'자율관 배정'!$B:$F,2,FALSE)&")","") | K26: =IFERROR(VLOOKUP(K25,'자율관 배정'!$B:$G,3,FALSE)&"("&VLOOKUP(K25,'자율관 배정'!$B:$F,2,FALSE)&")","") -> () | L26: =IFERROR(VLOOKUP(L25,'자율관 배정'!$B:$G,3,FALSE)&"("&VLOOKUP(L25,'자율관 배정'!$B:$F,2,FALSE)&")","") | M26: =IFERROR(VLOOKUP(M25,'자율관 배정'!$B:$G,3,FALSE)&"("&VLOOKUP(M25,'자율관 배정'!$B:$F,2,FALSE)&")","") -> () | N26: =IFERROR(VLOOKUP(N25,'자율관 배정'!$B:$G,3,FALSE)&"("&VLOOKUP(N25,'자율관 배정'!$B:$F,2,FALSE)&")","") | T26: 출 입 문 | U26: =IFERROR(VLOOKUP(U25,'자율관 배정'!$B:$G,3,FALSE)&"("&VLOOKUP(U25,'자율관 배정'!$B:$F,2,FALSE)&")","") -> () | V26: =IFERROR(VLOOKUP(V25,'자율관 배정'!$B:$G,3,FALSE)&"("&VLOOKUP(V25,'자율관 배정'!$B:$F,2,FALSE)&")","") | W26: =IFERROR(VLOOKUP(W25,'자율관 배정'!$B:$G,3,FALSE)&"("&VLOOKUP(W25,'자율관 배정'!$B:$F,2,FALSE)&")","") -> () | X26: =IFERROR(VLOOKUP(X25,'자율관 배정'!$B:$G,3,FALSE)&"("&VLOOKUP(X25,'자율관 배정'!$B:$F,2,FALSE)&")","") | Y26: =IFERROR(VLOOKUP(Y25,'자율관 배정'!$B:$G,3,FALSE)&"("&VLOOKUP(Y25,'자율관 배정'!$B:$F,2,FALSE)&")","") -> () | Z26: =IFERROR(VLOOKUP(Z25,'자율관 배정'!$B:$G,3,FALSE)&"("&VLOOKUP(Z25,'자율관 배정'!$B:$F,2,FALSE)&")","") | AB26: =IFERROR(VLOOKUP(AB25,'자율관 배정'!$B:$G,3,FALSE)&"("&VLOOKUP(AB25,'자율관 배정'!$B:$F,2,FALSE)&")","") -> () | AC26: =IFERROR(VLOOKUP(AC25,'자율관 배정'!$B:$G,3,FALSE)&"("&VLOOKUP(AC25,'자율관 배정'!$B:$F,2,FALSE)&")","") | AD26: =IFERROR(VLOOKUP(AD25,'자율관 배정'!$B:$G,3,FALSE)&"("&VLOOKUP(AD25,'자율관 배정'!$B:$F,2,FALSE)&")","") -> () | AE26: =IFERROR(VLOOKUP(AE25,'자율관 배정'!$B:$G,3,FALSE)&"("&VLOOKUP(AE25,'자율관 배정'!$B:$F,2,FALSE)&")","") | AF26: =IFERROR(VLOOKUP(AF25,'자율관 배정'!$B:$G,3,FALSE)&"("&VLOOKUP(AF25,'자율관 배정'!$B:$F,2,FALSE)&")","") -> ()
B27: 2A108 | C27: =IFERROR(VLOOKUP(B27,'자율관 배정'!$B:$G,3,FALSE)&"("&VLOOKUP(B27,'자율관 배정'!$B:$F,2,FALSE)&")","") | E27: 2A073 | F27: 2A072 | G27: 2A071 | I27: 2A070 | J27: 2A069 | K27: 2A068 | L27: 2A067 | M27: 2A066 | N27: 2A065
B28: 2A109 | C28: =IFERROR(VLOOKUP(B28,'자율관 배정'!$B:$G,3,FALSE)&"("&VLOOKUP(B28,'자율관 배정'!$B:$F,2,FALSE)&")","") -> () | E28: =IFERROR(VLOOKUP(E27,'자율관 배정'!$B:$G,3,FALSE)&"("&VLOOKUP(E27,'자율관 배정'!$B:$F,2,FALSE)&")","") -> () | F28: =IFERROR(VLOOKUP(F27,'자율관 배정'!$B:$G,3,FALSE)&"("&VLOOKUP(F27,'자율관 배정'!$B:$F,2,FALSE)&")","") | G28: =IFERROR(VLOOKUP(G27,'자율관 배정'!$B:$G,3,FALSE)&"("&VLOOKUP(G27,'자율관 배정'!$B:$F,2,FALSE)&")","") -> () | I28: =IFERROR(VLOOKUP(I27,'자율관 배정'!$B:$G,3,FALSE)&"("&VLOOKUP(I27,'자율관 배정'!$B:$F,2,FALSE)&")","") | J28: =IFERROR(VLOOKUP(J27,'자율관 배정'!$B:$G,3,FALSE)&"("&VLOOKUP(J27,'자율관 배정'!$B:$F,2,FALSE)&")","") -> () | K28: =IFERROR(VLOOKUP(K27,'자율관 배정'!$B:$G,3,FALSE)&"("&VLOOKUP(K27,'자율관 배정'!$B:$F,2,FALSE)&")","") | L28: =IFERROR(VLOOKUP(L27,'자율관 배정'!$B:$G,3,FALSE)&"("&VLOOKUP(L27,'자율관 배정'!$B:$F,2,FALSE)&")","") -> () | M28: =IFERROR(VLOOKUP(M27,'자율관 배정'!$B:$G,3,FALSE)&"("&VLOOKUP(M27,'자율관 배정'!$B:$F,2,FALSE)&")","") | N28: =IFERROR(VLOOKUP(N27,'자율관 배정'!$B:$G,3,FALSE)&"("&VLOOKUP(N27,'자율관 배정'!$B:$F,2,FALSE)&")","") -> () | P28: 출 입 문 | U28: 2D100 | V28: 2D099 | W28: 2D098 | X28: 2D097 | Y28: 2D096 | Z28: 2D095 | AB28: 2D094 | AC28: 2D093 | AD28: 2D092 | AE28: 2D091 | AF28: 2D090
B29: 벽 | U29: =IFERROR(VLOOKUP(U28,'자율관 배정'!$B:$G,3,FALSE)&"("&VLOOKUP(U28,'자율관 배정'!$B:$F,2,FALSE)&")","") | V29: =IFERROR(VLOOKUP(V28,'자율관 배정'!$B:$G,3,FALSE)&"("&VLOOKUP(V28,'자율관 배정'!$B:$F,2,FALSE)&")","") -> () | W29: =IFERROR(VLOOKUP(W28,'자율관 배정'!$B:$G,3,FALSE)&"("&VLOOKUP(W28,'자율관 배정'!$B:$F,2,FALSE)&")","") | X29: =IFERROR(VLOOKUP(X28,'자율관 배정'!$B:$G,3,FALSE)&"("&VLOOKUP(X28,'자율관 배정'!$B:$F,2,FALSE)&")","") -> () | Y29: =IFERROR(VLOOKUP(Y28,'자율관 배정'!$B:$G,3,FALSE)&"("&VLOOKUP(Y28,'자율관 배정'!$B:$F,2,FALSE)&")","") | Z29: =IFERROR(VLOOKUP(Z28,'자율관 배정'!$B:$G,3,FALSE)&"("&VLOOKUP(Z28,'자율관 배정'!$B:$F,2,FALSE)&")","") -> () | AB29: =IFERROR(VLOOKUP(AB28,'자율관 배정'!$B:$G,3,FALSE)&"("&VLOOKUP(AB28,'자율관 배정'!$B:$F,2,FALSE)&")","") | AC29: =IFERROR(VLOOKUP(AC28,'자율관 배정'!$B:$G,3,FALSE)&"("&VLOOKUP(AC28,'자율관 배정'!$B:$F,2,FALSE)&")","") -> () | AD29: =IFERROR(VLOOKUP(AD28,'자율관 배정'!$B:$G,3,FALSE)&"("&VLOOKUP(AD28,'자율관 배정'!$B:$F,2,FALSE)&")","") | AE29: =IFERROR(VLOOKUP(AE28,'자율관 배정'!$B:$G,3,FALSE)&"("&VLOOKUP(AE28,'자율관 배정'!$B:$F,2,FALSE)&")","") -> () | AF29: =IFERROR(VLOOKUP(AF28,'자율관 배정'!$B:$G,3,FALSE)&"("&VLOOKUP(AF28,'자율관 배정'!$B:$F,2,FALSE)&")","")
E30: 2A064 | F30: 2A063 | G30: 2A062 | J30: 2A061 | K30: 2A060 | L30: 2A059 | M30: 2A058 | U30: 2D089 | V30: 2D088 | W30: 2D087 | X30: 2D086 | Y30: 2D085 | Z30: 2D084 | AB30: 2D083 | AE30: 2D082 | AF30: 2D081
E31: =IFERROR(VLOOKUP(E30,'자율관 배정'!$B:$G,3,FALSE)&"("&VLOOKUP(E30,'자율관 배정'!$B:$F,2,FALSE)&")","") | F31: =IFERROR(VLOOKUP(F30,'자율관 배정'!$B:$G,3,FALSE)&"("&VLOOKUP(F30,'자율관 배정'!$B:$F,2,FALSE)&")","") -> () | G31: =IFERROR(VLOOKUP(G30,'자율관 배정'!$B:$G,3,FALSE)&"("&VLOOKUP(G30,'자율관 배정'!$B:$F,2,FALSE)&")","") | J31: =IFERROR(VLOOKUP(J30,'자율관 배정'!$B:$G,3,FALSE)&"("&VLOOKUP(J30,'자율관 배정'!$B:$F,2,FALSE)&")","") | K31: =IFERROR(VLOOKUP(K30,'자율관 배정'!$B:$G,3,FALSE)&"("&VLOOKUP(K30,'자율관 배정'!$B:$F,2,FALSE)&")","") -> () | L31: =IFERROR(VLOOKUP(L30,'자율관 배정'!$B:$G,3,FALSE)&"("&VLOOKUP(L30,'자율관 배정'!$B:$F,2,FALSE)&")","") | M31: =IFERROR(VLOOKUP(M30,'자율관 배정'!$B:$G,3,FALSE)&"("&VLOOKUP(M30,'자율관 배정'!$B:$F,2,FALSE)&")","") -> () | U31: =IFERROR(VLOOKUP(U30,'자율관 배정'!$B:$G,3,FALSE)&"("&VLOOKUP(U30,'자율관 배정'!$B:$F,2,FALSE)&")","") -> () | V31: =IFERROR(VLOOKUP(V30,'자율관 배정'!$B:$G,3,FALSE)&"("&VLOOKUP(V30,'자율관 배정'!$B:$F,2,FALSE)&")","") | W31: =IFERROR(VLOOKUP(W30,'자율관 배정'!$B:$G,3,FALSE)&"("&VLOOKUP(W30,'자율관 배정'!$B:$F,2,FALSE)&")","") -> () | X31: =IFERROR(VLOOKUP(X30,'자율관 배정'!$B:$G,3,FALSE)&"("&VLOOKUP(X30,'자율관 배정'!$B:$F,2,FALSE)&")","") | Y31: =IFERROR(VLOOKUP(Y30,'자율관 배정'!$B:$G,3,FALSE)&"("&VLOOKUP(Y30,'자율관 배정'!$B:$F,2,FALSE)&")","") -> () | Z31: =IFERROR(VLOOKUP(Z30,'자율관 배정'!$B:$G,3,FALSE)&"("&VLOOKUP(Z30,'자율관 배정'!$B:$F,2,FALSE)&")","") | AB31: =IFERROR(VLOOKUP(AB30,'자율관 배정'!$B:$G,3,FALSE)&"("&VLOOKUP(AB30,'자율관 배정'!$B:$F,2,FALSE)&")","") -> () | AE31: =IFERROR(VLOOKUP(AE30,'자율관 배정'!$B:$G,3,FALSE)&"("&VLOOKUP(AE30,'자율관 배정'!$B:$F,2,FALSE)&")","") | AF31: =IFERROR(VLOOKUP(AF30,'자율관 배정'!$B:$G,3,FALSE)&"("&VLOOKUP(AF30,'자율관 배정'!$B:$F,2,FALSE)&")","") -> ()
E32: 2A057 | F32: 2A056 | G32: 2A055 | J32: 2A054 | K32: 2A053 | L32: 2A052 | M32: 2A051
E33: =IFERROR(VLOOKUP(E32,'자율관 배정'!$B:$G,3,FALSE)&"("&VLOOKUP(E32,'자율관 배정'!$B:$F,2,FALSE)&")","") -> () | F33: =IFERROR(VLOOKUP(F32,'자율관 배정'!$B:$G,3,FALSE)&"("&VLOOKUP(F32,'자율관 배정'!$B:$F,2,FALSE)&")","") | G33: =IFERROR(VLOOKUP(G32,'자율관 배정'!$B:$G,3,FALSE)&"("&VLOOKUP(G32,'자율관 배정'!$B:$F,2,FALSE)&")","") -> () | J33: =IFERROR(VLOOKUP(J32,'자율관 배정'!$B:$G,3,FALSE)&"("&VLOOKUP(J32,'자율관 배정'!$B:$F,2,FALSE)&")","") -> () | K33: =IFERROR(VLOOKUP(K32,'자율관 배정'!$B:$G,3,FALSE)&"("&VLOOKUP(K32,'자율관 배정'!$B:$F,2,FALSE)&")","") | L33: =IFERROR(VLOOKUP(L32,'자율관 배정'!$B:$G,3,FALSE)&"("&VLOOKUP(L32,'자율관 배정'!$B:$F,2,FALSE)&")","") -> () | M33: =IFERROR(VLOOKUP(M32,'자율관 배정'!$B:$G,3,FALSE)&"("&VLOOKUP(M32,'자율관 배정'!$B:$F,2,FALSE)&")","") | U33: 2D080 | V33: 2D079 | W33: 2D078 | X33: 2D077 | Y33: 2D076 | Z33: 2D075 | AB33: 2D074 | AC33: 2D073 | AD33: 2D072 | AE33: 2D071 | AF33: 2D070
U34: =IFERROR(VLOOKUP(U33,'자율관 배정'!$B:$G,3,FALSE)&"("&VLOOKUP(U33,'자율관 배정'!$B:$F,2,FALSE)&")","") | V34: =IFERROR(VLOOKUP(V33,'자율관 배정'!$B:$G,3,FALSE)&"("&VLOOKUP(V33,'자율관 배정'!$B:$F,2,FALSE)&")","") -> () | W34: =IFERROR(VLOOKUP(W33,'자율관 배정'!$B:$G,3,FALSE)&"("&VLOOKUP(W33,'자율관 배정'!$B:$F,2,FALSE)&")","") | X34: =IFERROR(VLOOKUP(X33,'자율관 배정'!$B:$G,3,FALSE)&"("&VLOOKUP(X33,'자율관 배정'!$B:$F,2,FALSE)&")","") -> () | Y34: =IFERROR(VLOOKUP(Y33,'자율관 배정'!$B:$G,3,FALSE)&"("&VLOOKUP(Y33,'자율관 배정'!$B:$F,2,FALSE)&")","") | Z34: =IFERROR(VLOOKUP(Z33,'자율관 배정'!$B:$G,3,FALSE)&"("&VLOOKUP(Z33,'자율관 배정'!$B:$F,2,FALSE)&")","") -> () | AB34: =IFERROR(VLOOKUP(AB33,'자율관 배정'!$B:$G,3,FALSE)&"("&VLOOKUP(AB33,'자율관 배정'!$B:$F,2,FALSE)&")","") | AC34: =IFERROR(VLOOKUP(AC33,'자율관 배정'!$B:$G,3,FALSE)&"("&VLOOKUP(AC33,'자율관 배정'!$B:$F,2,FALSE)&")","") -> () | AD34: =IFERROR(VLOOKUP(AD33,'자율관 배정'!$B:$G,3,FALSE)&"("&VLOOKUP(AD33,'자율관 배정'!$B:$F,2,FALSE)&")","") | AE34: =IFERROR(VLOOKUP(AE33,'자율관 배정'!$B:$G,3,FALSE)&"("&VLOOKUP(AE33,'자율관 배정'!$B:$F,2,FALSE)&")","") -> () | AF34: =IFERROR(VLOOKUP(AF33,'자율관 배정'!$B:$G,3,FALSE)&"("&VLOOKUP(AF33,'자율관 배정'!$B:$F,2,FALSE)&")","")
B35: 2A110 | C35: =IFERROR(VLOOKUP(B35,'자율관 배정'!$B:$G,3,FALSE)&"("&VLOOKUP(B35,'자율관 배정'!$B:$F,2,FALSE)&")","") -> () | E35: 2A050 | F35: 2A049 | G35: 2A048 | I35: 2A047 | J35: 2A046 | K35: 2A045 | L35: 2A044 | M35: 2A043 | N35: 2A042 | U35: 2D069 | V35: 2D068 | W35: 2D067 | X35: 2D066 | Y35: 2D065 | Z35: 2D064 | AB35: 2D063 | AC35: 2D062 | AD35: 2D061 | AE35: 2D060 | AF35: 2D059
B36: 2A111 | C36: =IFERROR(VLOOKUP(B36,'자율관 배정'!$B:$G,3,FALSE)&"("&VLOOKUP(B36,'자율관 배정'!$B:$F,2,FALSE)&")","") | E36: =IFERROR(VLOOKUP(E35,'자율관 배정'!$B:$G,3,FALSE)&"("&VLOOKUP(E35,'자율관 배정'!$B:$F,2,FALSE)&")","") | F36: =IFERROR(VLOOKUP(F35,'자율관 배정'!$B:$G,3,FALSE)&"("&VLOOKUP(F35,'자율관 배정'!$B:$F,2,FALSE)&")","") -> () | G36: =IFERROR(VLOOKUP(G35,'자율관 배정'!$B:$G,3,FALSE)&"("&VLOOKUP(G35,'자율관 배정'!$B:$F,2,FALSE)&")","") | I36: =IFERROR(VLOOKUP(I35,'자율관 배정'!$B:$G,3,FALSE)&"("&VLOOKUP(I35,'자율관 배정'!$B:$F,2,FALSE)&")","") -> () | J36: =IFERROR(VLOOKUP(J35,'자율관 배정'!$B:$G,3,FALSE)&"("&VLOOKUP(J35,'자율관 배정'!$B:$F,2,FALSE)&")","") | K36: =IFERROR(VLOOKUP(K35,'자율관 배정'!$B:$G,3,FALSE)&"("&VLOOKUP(K35,'자율관 배정'!$B:$F,2,FALSE)&")","") -> () | L36: =IFERROR(VLOOKUP(L35,'자율관 배정'!$B:$G,3,FALSE)&"("&VLOOKUP(L35,'자율관 배정'!$B:$F,2,FALSE)&")","") | M36: =IFERROR(VLOOKUP(M35,'자율관 배정'!$B:$G,3,FALSE)&"("&VLOOKUP(M35,'자율관 배정'!$B:$F,2,FALSE)&")","") -> () | N36: =IFERROR(VLOOKUP(N35,'자율관 배정'!$B:$G,3,FALSE)&"("&VLOOKUP(N35,'자율관 배정'!$B:$F,2,FALSE)&")","") | U36: =IFERROR(VLOOKUP(U35,'자율관 배정'!$B:$G,3,FALSE)&"("&VLOOKUP(U35,'자율관 배정'!$B:$F,2,FALSE)&")","") -> () | V36: =IFERROR(VLOOKUP(V35,'자율관 배정'!$B:$G,3,FALSE)&"("&VLOOKUP(V35,'자율관 배정'!$B:$F,2,FALSE)&")","") | W36: =IFERROR(VLOOKUP(W35,'자율관 배정'!$B:$G,3,FALSE)&"("&VLOOKUP(W35,'자율관 배정'!$B:$F,2,FALSE)&")","") -> () | X36: =IFERROR(VLOOKUP(X35,'자율관 배정'!$B:$G,3,FALSE)&"("&VLOOKUP(X35,'자율관 배정'!$B:$F,2,FALSE)&")","") | Y36: =IFERROR(VLOOKUP(Y35,'자율관 배정'!$B:$G,3,FALSE)&"("&VLOOKUP(Y35,'자율관 배정'!$B:$F,2,FALSE)&")","") -> () | Z36: =IFERROR(VLOOKUP(Z35,'자율관 배정'!$B:$G,3,FALSE)&"("&VLOOKUP(Z35,'자율관 배정'!$B:$F,2,FALSE)&")","") | AB36: =IFERROR(VLOOKUP(AB35,'자율관 배정'!$B:$G,3,FALSE)&"("&VLOOKUP(AB35,'자율관 배정'!$B:$F,2,FALSE)&")","") -> () | AC36: =IFERROR(VLOOKUP(AC35,'자율관 배정'!$B:$G,3,FALSE)&"("&VLOOKUP(AC35,'자율관 배정'!$B:$F,2,FALSE)&")","") | AD36: =IFERROR(VLOOKUP(AD35,'자율관 배정'!$B:$G,3,FALSE)&"("&VLOOKUP(AD35,'자율관 배정'!$B:$F,2,FALSE)&")","") -> () | AE36: =IFERROR(VLOOKUP(AE35,'자율관 배정'!$B:$G,3,FALSE)&"("&VLOOKUP(AE35,'자율관 배정'!$B:$F,2,FALSE)&")","") | AF36: =IFERROR(VLOOKUP(AF35,'자율관 배정'!$B:$G,3,FALSE)&"("&VLOOKUP(AF35,'자율관 배정'!$B:$F,2,FALSE)&")","") -> ()
B37: 2A112 | C37: =IFERROR(VLOOKUP(B37,'자율관 배정'!$B:$G,3,FALSE)&"("&VLOOKUP(B37,'자율관 배정'!$B:$F,2,FALSE)&")","") -> () | E37: 2A041 | F37: 2A040 | G37: 2A039 | I37: 2A038 | J37: 2A037 | K37: 2A036 | L37: 2A035 | M37: 2A034 | N37: 2A033
B38: 2A113 | C38: =IFERROR(VLOOKUP(B38,'자율관 배정'!$B:$G,3,FALSE)&"("&VLOOKUP(B38,'자율관 배정'!$B:$F,2,FALSE)&")","") | E38: =IFERROR(VLOOKUP(E37,'자율관 배정'!$B:$G,3,FALSE)&"("&VLOOKUP(E37,'자율관 배정'!$B:$F,2,FALSE)&")","") -> () | F38: =IFERROR(VLOOKUP(F37,'자율관 배정'!$B:$G,3,FALSE)&"("&VLOOKUP(F37,'자율관 배정'!$B:$F,2,FALSE)&")","") | G38: =IFERROR(VLOOKUP(G37,'자율관 배정'!$B:$G,3,FALSE)&"("&VLOOKUP(G37,'자율관 배정'!$B:$F,2,FALSE)&")","") -> () | I38: =IFERROR(VLOOKUP(I37,'자율관 배정'!$B:$G,3,FALSE)&"("&VLOOKUP(I37,'자율관 배정'!$B:$F,2,FALSE)&")","") | J38: =IFERROR(VLOOKUP(J37,'자율관 배정'!$B:$G,3,FALSE)&"("&VLOOKUP(J37,'자율관 배정'!$B:$F,2,FALSE)&")","") -> () | K38: =IFERROR(VLOOKUP(K37,'자율관 배정'!$B:$G,3,FALSE)&"("&VLOOKUP(K37,'자율관 배정'!$B:$F,2,FALSE)&")","") | L38: =IFERROR(VLOOKUP(L37,'자율관 배정'!$B:$G,3,FALSE)&"("&VLOOKUP(L37,'자율관 배정'!$B:$F,2,FALSE)&")","") -> () | M38: =IFERROR(VLOOKUP(M37,'자율관 배정'!$B:$G,3,FALSE)&"("&VLOOKUP(M37,'자율관 배정'!$B:$F,2,FALSE)&")","") | N38: =IFERROR(VLOOKUP(N37,'자율관 배정'!$B:$G,3,FALSE)&"("&VLOOKUP(N37,'자율관 배정'!$B:$F,2,FALSE)&")","") -> () | U38: 2D058 | V38: 2D057 | W38: 2D056 | X38: 2D055 | Y38: 2D054 | Z38: 2D053 | AB38: 2D052 | AC38: 2D051 | AD38: 2D050 | AE38: 2D049 | AF38: 2D048
B39: 2A114 | C39: =IFERROR(VLOOKUP(B39,'자율관 배정'!$B:$G,3,FALSE)&"("&VLOOKUP(B39,'자율관 배정'!$B:$F,2,FALSE)&")","") -> () | U39: =IFERROR(VLOOKUP(U38,'자율관 배정'!$B:$G,3,FALSE)&"("&VLOOKUP(U38,'자율관 배정'!$B:$F,2,FALSE)&")","") | V39: =IFERROR(VLOOKUP(V38,'자율관 배정'!$B:$G,3,FALSE)&"("&VLOOKUP(V38,'자율관 배정'!$B:$F,2,FALSE)&")","") -> () | W39: =IFERROR(VLOOKUP(W38,'자율관 배정'!$B:$G,3,FALSE)&"("&VLOOKUP(W38,'자율관 배정'!$B:$F,2,FALSE)&")","") | X39: =IFERROR(VLOOKUP(X38,'자율관 배정'!$B:$G,3,FALSE)&"("&VLOOKUP(X38,'자율관 배정'!$B:$F,2,FALSE)&")","") -> () | Y39: =IFERROR(VLOOKUP(Y38,'자율관 배정'!$B:$G,3,FALSE)&"("&VLOOKUP(Y38,'자율관 배정'!$B:$F,2,FALSE)&")","") | Z39: =IFERROR(VLOOKUP(Z38,'자율관 배정'!$B:$G,3,FALSE)&"("&VLOOKUP(Z38,'자율관 배정'!$B:$F,2,FALSE)&")","") -> () | AB39: =IFERROR(VLOOKUP(AB38,'자율관 배정'!$B:$G,3,FALSE)&"("&VLOOKUP(AB38,'자율관 배정'!$B:$F,2,FALSE)&")","") | AC39: =IFERROR(VLOOKUP(AC38,'자율관 배정'!$B:$G,3,FALSE)&"("&VLOOKUP(AC38,'자율관 배정'!$B:$F,2,FALSE)&")","") -> () | AD39: =IFERROR(VLOOKUP(AD38,'자율관 배정'!$B:$G,3,FALSE)&"("&VLOOKUP(AD38,'자율관 배정'!$B:$F,2,FALSE)&")","") | AE39: =IFERROR(VLOOKUP(AE38,'자율관 배정'!$B:$G,3,FALSE)&"("&VLOOKUP(AE38,'자율관 배정'!$B:$F,2,FALSE)&")","") -> () | AF39: =IFERROR(VLOOKUP(AF38,'자율관 배정'!$B:$G,3,FALSE)&"("&VLOOKUP(AF38,'자율관 배정'!$B:$F,2,FALSE)&")","")
B40: 2A115 | C40: =IFERROR(VLOOKUP(B40,'자율관 배정'!$B:$G,3,FALSE)&"("&VLOOKUP(B40,'자율관 배정'!$B:$F,2,FALSE)&")","") | E40: 2A032 | F40: 2A031 | G40: 2A030 | I40: 2A029 | J40: 2A028 | K40: 2A027 | L40: 2A026 | M40: 2A025 | N40: 2A024 | U40: 2D047 | V40: 2D046 | W40: 2D045 | X40: 2D044 | Y40: 2D043 | Z40: 2D042 | AB40: 2D041 | AC40: 2D040 | AD40: 2D039 | AE40: 2D038 | AF40: 2D037
B41: 2A116 | C41: =IFERROR(VLOOKUP(B41,'자율관 배정'!$B:$G,3,FALSE)&"("&VLOOKUP(B41,'자율관 배정'!$B:$F,2,FALSE)&")","") -> () | E41: =IFERROR(VLOOKUP(E40,'자율관 배정'!$B:$G,3,FALSE)&"("&VLOOKUP(E40,'자율관 배정'!$B:$F,2,FALSE)&")","") | F41: =IFERROR(VLOOKUP(F40,'자율관 배정'!$B:$G,3,FALSE)&"("&VLOOKUP(F40,'자율관 배정'!$B:$F,2,FALSE)&")","") -> () | G41: =IFERROR(VLOOKUP(G40,'자율관 배정'!$B:$G,3,FALSE)&"("&VLOOKUP(G40,'자율관 배정'!$B:$F,2,FALSE)&")","") | I41: =IFERROR(VLOOKUP(I40,'자율관 배정'!$B:$G,3,FALSE)&"("&VLOOKUP(I40,'자율관 배정'!$B:$F,2,FALSE)&")","") -> () | J41: =IFERROR(VLOOKUP(J40,'자율관 배정'!$B:$G,3,FALSE)&"("&VLOOKUP(J40,'자율관 배정'!$B:$F,2,FALSE)&")","") | K41: =IFERROR(VLOOKUP(K40,'자율관 배정'!$B:$G,3,FALSE)&"("&VLOOKUP(K40,'자율관 배정'!$B:$F,2,FALSE)&")","") -> () | L41: =IFERROR(VLOOKUP(L40,'자율관 배정'!$B:$G,3,FALSE)&"("&VLOOKUP(L40,'자율관 배정'!$B:$F,2,FALSE)&")","") | M41: =IFERROR(VLOOKUP(M40,'자율관 배정'!$B:$G,3,FALSE)&"("&VLOOKUP(M40,'자율관 배정'!$B:$F,2,FALSE)&")","") -> () | N41: =IFERROR(VLOOKUP(N40,'자율관 배정'!$B:$G,3,FALSE)&"("&VLOOKUP(N40,'자율관 배정'!$B:$F,2,FALSE)&")","") | U41: =IFERROR(VLOOKUP(U40,'자율관 배정'!$B:$G,3,FALSE)&"("&VLOOKUP(U40,'자율관 배정'!$B:$F,2,FALSE)&")","") -> () | V41: =IFERROR(VLOOKUP(V40,'자율관 배정'!$B:$G,3,FALSE)&"("&VLOOKUP(V40,'자율관 배정'!$B:$F,2,FALSE)&")","") | W41: =IFERROR(VLOOKUP(W40,'자율관 배정'!$B:$G,3,FALSE)&"("&VLOOKUP(W40,'자율관 배정'!$B:$F,2,FALSE)&")","") -> () | X41: =IFERROR(VLOOKUP(X40,'자율관 배정'!$B:$G,3,FALSE)&"("&VLOOKUP(X40,'자율관 배정'!$B:$F,2,FALSE)&")","") | Y41: =IFERROR(VLOOKUP(Y40,'자율관 배정'!$B:$G,3,FALSE)&"("&VLOOKUP(Y40,'자율관 배정'!$B:$F,2,FALSE)&")","") -> () | Z41: =IFERROR(VLOOKUP(Z40,'자율관 배정'!$B:$G,3,FALSE)&"("&VLOOKUP(Z40,'자율관 배정'!$B:$F,2,FALSE)&")","") | AB41: =IFERROR(VLOOKUP(AB40,'자율관 배정'!$B:$G,3,FALSE)&"("&VLOOKUP(AB40,'자율관 배정'!$B:$F,2,FALSE)&")","") -> () | AC41: =IFERROR(VLOOKUP(AC40,'자율관 배정'!$B:$G,3,FALSE)&"("&VLOOKUP(AC40,'자율관 배정'!$B:$F,2,FALSE)&")","") | AD41: =IFERROR(VLOOKUP(AD40,'자율관 배정'!$B:$G,3,FALSE)&"("&VLOOKUP(AD40,'자율관 배정'!$B:$F,2,FALSE)&")","") -> () | AE41: =IFERROR(VLOOKUP(AE40,'자율관 배정'!$B:$G,3,FALSE)&"("&VLOOKUP(AE40,'자율관 배정'!$B:$F,2,FALSE)&")","") | AF41: =IFERROR(VLOOKUP(AF40,'자율관 배정'!$B:$G,3,FALSE)&"("&VLOOKUP(AF40,'자율관 배정'!$B:$F,2,FALSE)&")","") -> ()
B42: 2A117 | C42: =IFERROR(VLOOKUP(B42,'자율관 배정'!$B:$G,3,FALSE)&"("&VLOOKUP(B42,'자율관 배정'!$B:$F,2,FALSE)&")","") | E42: 2A023 | F42: 2A022 | G42: 2A021 | I42: 2A020 | J42: 2A019 | K42: 2A018 | L42: 2A017 | M42: 2A016 | N42: 2A015
B43: 2A118 | C43: =IFERROR(VLOOKUP(B43,'자율관 배정'!$B:$G,3,FALSE)&"("&VLOOKUP(B43,'자율관 배정'!$B:$F,2,FALSE)&")","") -> () | E43: =IFERROR(VLOOKUP(E42,'자율관 배정'!$B:$G,3,FALSE)&"("&VLOOKUP(E42,'자율관 배정'!$B:$F,2,FALSE)&")","") -> () | F43: =IFERROR(VLOOKUP(F42,'자율관 배정'!$B:$G,3,FALSE)&"("&VLOOKUP(F42,'자율관 배정'!$B:$F,2,FALSE)&")","") | G43: =IFERROR(VLOOKUP(G42,'자율관 배정'!$B:$G,3,FALSE)&"("&VLOOKUP(G42,'자율관 배정'!$B:$F,2,FALSE)&")","") -> () | I43: =IFERROR(VLOOKUP(I42,'자율관 배정'!$B:$G,3,FALSE)&"("&VLOOKUP(I42,'자율관 배정'!$B:$F,2,FALSE)&")","") | J43: =IFERROR(VLOOKUP(J42,'자율관 배정'!$B:$G,3,FALSE)&"("&VLOOKUP(J42,'자율관 배정'!$B:$F,2,FALSE)&")","") -> () | K43: =IFERROR(VLOOKUP(K42,'자율관 배정'!$B:$G,3,FALSE)&"("&VLOOKUP(K42,'자율관 배정'!$B:$F,2,FALSE)&")","") | L43: =IFERROR(VLOOKUP(L42,'자율관 배정'!$B:$G,3,FALSE)&"("&VLOOKUP(L42,'자율관 배정'!$B:$F,2,FALSE)&")","") -> () | M43: =IFERROR(VLOOKUP(M42,'자율관 배정'!$B:$G,3,FALSE)&"("&VLOOKUP(M42,'자율관 배정'!$B:$F,2,FALSE)&")","") | N43: =IFERROR(VLOOKUP(N42,'자율관 배정'!$B:$G,3,FALSE)&"("&VLOOKUP(N42,'자율관 배정'!$B:$F,2,FALSE)&")","") -> () | U43: 2D036 | V43: 2D035 | W43: 2D034 | X43: 2D033 | Y43: 2D032 | Z43: 2D031 | AB43: 2D030 | AE43: 2D029 | AF43: 2D028
B44: 벽 | U44: =IFERROR(VLOOKUP(U43,'자율관 배정'!$B:$G,3,FALSE)&"("&VLOOKUP(U43,'자율관 배정'!$B:$F,2,FALSE)&")","") | V44: =IFERROR(VLOOKUP(V43,'자율관 배정'!$B:$G,3,FALSE)&"("&VLOOKUP(V43,'자율관 배정'!$B:$F,2,FALSE)&")","") -> () | W44: =IFERROR(VLOOKUP(W43,'자율관 배정'!$B:$G,3,FALSE)&"("&VLOOKUP(W43,'자율관 배정'!$B:$F,2,FALSE)&")","") | X44: =IFERROR(VLOOKUP(X43,'자율관 배정'!$B:$G,3,FALSE)&"("&VLOOKUP(X43,'자율관 배정'!$B:$F,2,FALSE)&")","") -> () | Y44: =IFERROR(VLOOKUP(Y43,'자율관 배정'!$B:$G,3,FALSE)&"("&VLOOKUP(Y43,'자율관 배정'!$B:$F,2,FALSE)&")","") | Z44: =IFERROR(VLOOKUP(Z43,'자율관 배정'!$B:$G,3,FALSE)&"("&VLOOKUP(Z43,'자율관 배정'!$B:$F,2,FALSE)&")","") -> () | AB44: =IFERROR(VLOOKUP(AB43,'자율관 배정'!$B:$G,3,FALSE)&"("&VLOOKUP(AB43,'자율관 배정'!$B:$F,2,FALSE)&")","") | AE44: =IFERROR(VLOOKUP(AE43,'자율관 배정'!$B:$G,3,FALSE)&"("&VLOOKUP(AE43,'자율관 배정'!$B:$F,2,FALSE)&")","") -> () | AF44: =IFERROR(VLOOKUP(AF43,'자율관 배정'!$B:$G,3,FALSE)&"("&VLOOKUP(AF43,'자율관 배정'!$B:$F,2,FALSE)&")","")
B45: 2A119 | C45: =IFERROR(VLOOKUP(B45,'자율관 배정'!$B:$G,3,FALSE)&"("&VLOOKUP(B45,'자율관 배정'!$B:$F,2,FALSE)&")","") -> () | E45: 2A014 | F45: 2A013 | G45: 2A012 | I45: 2A011 | J45: 2A010 | K45: 2A009 | L45: 2A008 | U45: 2D027 | V45: 2D026 | W45: 2D025 | X45: 2D024 | Y45: 2D023 | Z45: 2D022 | AB45: 2D021 | AC45: 2D020 | AD45: 2D019 | AE45: 2D018 | AF45: 2D017
B46: 2A120 | C46: =IFERROR(VLOOKUP(B46,'자율관 배정'!$B:$G,3,FALSE)&"("&VLOOKUP(B46,'자율관 배정'!$B:$F,2,FALSE)&")","") | E46: =IFERROR(VLOOKUP(E45,'자율관 배정'!$B:$G,3,FALSE)&"("&VLOOKUP(E45,'자율관 배정'!$B:$F,2,FALSE)&")","") | F46: =IFERROR(VLOOKUP(F45,'자율관 배정'!$B:$G,3,FALSE)&"("&VLOOKUP(F45,'자율관 배정'!$B:$F,2,FALSE)&")","") -> () | G46: =IFERROR(VLOOKUP(G45,'자율관 배정'!$B:$G,3,FALSE)&"("&VLOOKUP(G45,'자율관 배정'!$B:$F,2,FALSE)&")","") | I46: =IFERROR(VLOOKUP(I45,'자율관 배정'!$B:$G,3,FALSE)&"("&VLOOKUP(I45,'자율관 배정'!$B:$F,2,FALSE)&")","") -> () | J46: =IFERROR(VLOOKUP(J45,'자율관 배정'!$B:$G,3,FALSE)&"("&VLOOKUP(J45,'자율관 배정'!$B:$F,2,FALSE)&")","") | K46: =IFERROR(VLOOKUP(K45,'자율관 배정'!$B:$G,3,FALSE)&"("&VLOOKUP(K45,'자율관 배정'!$B:$F,2,FALSE)&")","") -> () | L46: =IFERROR(VLOOKUP(L45,'자율관 배정'!$B:$G,3,FALSE)&"("&VLOOKUP(L45,'자율관 배정'!$B:$F,2,FALSE)&")","") | T46: 출 입 문 | U46: =IFERROR(VLOOKUP(U45,'자율관 배정'!$B:$G,3,FALSE)&"("&VLOOKUP(U45,'자율관 배정'!$B:$F,2,FALSE)&")","") -> () | V46: =IFERROR(VLOOKUP(V45,'자율관 배정'!$B:$G,3,FALSE)&"("&VLOOKUP(V45,'자율관 배정'!$B:$F,2,FALSE)&")","") | W46: =IFERROR(VLOOKUP(W45,'자율관 배정'!$B:$G,3,FALSE)&"("&VLOOKUP(W45,'자율관 배정'!$B:$F,2,FALSE)&")","") -> () | X46: =IFERROR(VLOOKUP(X45,'자율관 배정'!$B:$G,3,FALSE)&"("&VLOOKUP(X45,'자율관 배정'!$B:$F,2,FALSE)&")","") | Y46: =IFERROR(VLOOKUP(Y45,'자율관 배정'!$B:$G,3,FALSE)&"("&VLOOKUP(Y45,'자율관 배정'!$B:$F,2,FALSE)&")","") -> () | Z46: =IFERROR(VLOOKUP(Z45,'자율관 배정'!$B:$G,3,FALSE)&"("&VLOOKUP(Z45,'자율관 배정'!$B:$F,2,FALSE)&")","") | AB46: =IFERROR(VLOOKUP(AB45,'자율관 배정'!$B:$G,3,FALSE)&"("&VLOOKUP(AB45,'자율관 배정'!$B:$F,2,FALSE)&")","") -> () | AC46: =IFERROR(VLOOKUP(AC45,'자율관 배정'!$B:$G,3,FALSE)&"("&VLOOKUP(AC45,'자율관 배정'!$B:$F,2,FALSE)&")","") | AD46: =IFERROR(VLOOKUP(AD45,'자율관 배정'!$B:$G,3,FALSE)&"("&VLOOKUP(AD45,'자율관 배정'!$B:$F,2,FALSE)&")","") -> () | AE46: =IFERROR(VLOOKUP(AE45,'자율관 배정'!$B:$G,3,FALSE)&"("&VLOOKUP(AE45,'자율관 배정'!$B:$F,2,FALSE)&")","") | AF46: =IFERROR(VLOOKUP(AF45,'자율관 배정'!$B:$G,3,FALSE)&"("&VLOOKUP(AF45,'자율관 배정'!$B:$F,2,FALSE)&")","") -> ()
B47: 2A121 | C47: =IFERROR(VLOOKUP(B47,'자율관 배정'!$B:$G,3,FALSE)&"("&VLOOKUP(B47,'자율관 배정'!$B:$F,2,FALSE)&")","") -> () | E47: 2A007 | F47: 2A006 | G47: 2A005 | I47: 2A004 | J47: 2A003 | K47: 2A002 | L47: 2A001
B48: 2A122 | C48: =IFERROR(VLOOKUP(B48,'자율관 배정'!$B:$G,3,FALSE)&"("&VLOOKUP(B48,'자율관 배정'!$B:$F,2,FALSE)&")","") | E48: =IFERROR(VLOOKUP(E47,'자율관 배정'!$B:$G,3,FALSE)&"("&VLOOKUP(E47,'자율관 배정'!$B:$F,2,FALSE)&")","") -> () | F48: =IFERROR(VLOOKUP(F47,'자율관 배정'!$B:$G,3,FALSE)&"("&VLOOKUP(F47,'자율관 배정'!$B:$F,2,FALSE)&")","") | G48: =IFERROR(VLOOKUP(G47,'자율관 배정'!$B:$G,3,FALSE)&"("&VLOOKUP(G47,'자율관 배정'!$B:$F,2,FALSE)&")","") -> () | I48: =IFERROR(VLOOKUP(I47,'자율관 배정'!$B:$G,3,FALSE)&"("&VLOOKUP(I47,'자율관 배정'!$B:$F,2,FALSE)&")","") | J48: =IFERROR(VLOOKUP(J47,'자율관 배정'!$B:$G,3,FALSE)&"("&VLOOKUP(J47,'자율관 배정'!$B:$F,2,FALSE)&")","") -> () | K48: =IFERROR(VLOOKUP(K47,'자율관 배정'!$B:$G,3,FALSE)&"("&VLOOKUP(K47,'자율관 배정'!$B:$F,2,FALSE)&")","") | L48: =IFERROR(VLOOKUP(L47,'자율관 배정'!$B:$G,3,FALSE)&"("&VLOOKUP(L47,'자율관 배정'!$B:$F,2,FALSE)&")","") -> () | P48: 출 입 문 | V48: 2D016 | W48: 2D015 | X48: 2D014 | Y48: 2D013 | Z48: 2D012 | AB48: 2D011 | AC48: 2D010 | AD48: 2D009 | AE48: 2D008 | AF48: 2D007
V49: =IFERROR(VLOOKUP(V48,'자율관 배정'!$B:$G,3,FALSE)&"("&VLOOKUP(V48,'자율관 배정'!$B:$F,2,FALSE)&")","") -> () | W49: =IFERROR(VLOOKUP(W48,'자율관 배정'!$B:$G,3,FALSE)&"("&VLOOKUP(W48,'자율관 배정'!$B:$F,2,FALSE)&")","") | X49: =IFERROR(VLOOKUP(X48,'자율관 배정'!$B:$G,3,FALSE)&"("&VLOOKUP(X48,'자율관 배정'!$B:$F,2,FALSE)&")","") -> () | Y49: =IFERROR(VLOOKUP(Y48,'자율관 배정'!$B:$G,3,FALSE)&"("&VLOOKUP(Y48,'자율관 배정'!$B:$F,2,FALSE)&")","") | Z49: =IFERROR(VLOOKUP(Z48,'자율관 배정'!$B:$G,3,FALSE)&"("&VLOOKUP(Z48,'자율관 배정'!$B:$F,2,FALSE)&")","") -> () | AB49: =IFERROR(VLOOKUP(AB48,'자율관 배정'!$B:$G,3,FALSE)&"("&VLOOKUP(AB48,'자율관 배정'!$B:$F,2,FALSE)&")","") | AC49: =IFERROR(VLOOKUP(AC48,'자율관 배정'!$B:$G,3,FALSE)&"("&VLOOKUP(AC48,'자율관 배정'!$B:$F,2,FALSE)&")","") -> () | AD49: =IFERROR(VLOOKUP(AD48,'자율관 배정'!$B:$G,3,FALSE)&"("&VLOOKUP(AD48,'자율관 배정'!$B:$F,2,FALSE)&")","") | AE49: =IFERROR(VLOOKUP(AE48,'자율관 배정'!$B:$G,3,FALSE)&"("&VLOOKUP(AE48,'자율관 배정'!$B:$F,2,FALSE)&")","") -> () | AF49: =IFERROR(VLOOKUP(AF48,'자율관 배정'!$B:$G,3,FALSE)&"("&VLOOKUP(AF48,'자율관 배정'!$B:$F,2,FALSE)&")","")
Z50: 2D006 | AB50: 2D005 | AC50: 2D004 | AD50: 2D003 | AE50: 2D002 | AF50: 2D001
Z51: =IFERROR(VLOOKUP(Z50,'자율관 배정'!$B:$G,3,FALSE)&"("&VLOOKUP(Z50,'자율관 배정'!$B:$F,2,FALSE)&")","") | AB51: =IFERROR(VLOOKUP(AB50,'자율관 배정'!$B:$G,3,FALSE)&"("&VLOOKUP(AB50,'자율관 배정'!$B:$F,2,FALSE)&")","") -> () | AC51: =IFERROR(VLOOKUP(AC50,'자율관 배정'!$B:$G,3,FALSE)&"("&VLOOKUP(AC50,'자율관 배정'!$B:$F,2,FALSE)&")","") | AD51: =IFERROR(VLOOKUP(AD50,'자율관 배정'!$B:$G,3,FALSE)&"("&VLOOKUP(AD50,'자율관 배정'!$B:$F,2,FALSE)&")","") -> () | AE51: =IFERROR(VLOOKUP(AE50,'자율관 배정'!$B:$G,3,FALSE)&"("&VLOOKUP(AE50,'자율관 배정'!$B:$F,2,FALSE)&")","") | AF51: =IFERROR(VLOOKUP(AF50,'자율관 배정'!$B:$G,3,FALSE)&"("&VLOOKUP(AF50,'자율관 배정'!$B:$F,2,FALSE)&")","") -> ()
P52: 주 출입구

Sheet 자율관 2층
A2: ※ 착석 또는 이석에 체크하고 출결상황을 "O"표시해 주세요. | G2: □착석 / □이석 | L2: 자율관 2층 배치도(2025. 11. 03. ~) | U2: 2025년 월 일 ( )요일 감독교사 (인)
A6: 2B080 | B6: 2B079 | C6: 2B078 | E6: 2B077 | F6: 2B076 | I6: 2B075 | J6: 2B074 | K6: 2B073 | L6: 2B072 | M6: 2B071 | O6: 2B070 | P6: 2B069 | Q6: 2B068 | R6: 2B067 | S6: 2B066 | T6: 2B065 | U6: 2B064 | X6: 2C034 | Y6: 2C033 | Z6: 2C032 | AB6: 2C031 | AC6: 2C030 | AD6: 2C029 | AE6: 2C028 | AF6: 2C027
A7: =IFERROR(VLOOKUP(A6,'자율관 배정 R1'!$B:$F,3,FALSE)&"("&VLOOKUP(A6,'자율관 배정 R1'!$B:$E,2,FALSE)&")","") -> 이유림(1) | B7: =IFERROR(VLOOKUP(B6,'자율관 배정 R1'!$B:$F,3,FALSE)&"("&VLOOKUP(B6,'자율관 배정 R1'!$B:$E,2,FALSE)&")","") -> 장현채(1) | C7: =IFERROR(VLOOKUP(C6,'자율관 배정 R1'!$B:$F,3,FALSE)&"("&VLOOKUP(C6,'자율관 배정 R1'!$B:$E,2,FALSE)&")","") -> 이서현(1) | E7: =IFERROR(VLOOKUP(E6,'자율관 배정 R1'!$B:$F,3,FALSE)&"("&VLOOKUP(E6,'자율관 배정 R1'!$B:$E,2,FALSE)&")","") -> 이다은(1) | F7: =IFERROR(VLOOKUP(F6,'자율관 배정 R1'!$B:$F,3,FALSE)&"("&VLOOKUP(F6,'자율관 배정 R1'!$B:$E,2,FALSE)&")","") -> 양예은(1) | I7: =IFERROR(VLOOKUP(I6,'자율관 배정 R1'!$B:$F,3,FALSE)&"("&VLOOKUP(I6,'자율관 배정 R1'!$B:$E,2,FALSE)&")","") -> 윤서연(1) | J7: =IFERROR(VLOOKUP(J6,'자율관 배정 R1'!$B:$F,3,FALSE)&"("&VLOOKUP(J6,'자율관 배정 R1'!$B:$E,2,FALSE)&")","") -> 신지수(1) | K7: =IFERROR(VLOOKUP(K6,'자율관 배정 R1'!$B:$F,3,FALSE)&"("&VLOOKUP(K6,'자율관 배정 R1'!$B:$E,2,FALSE)&")","") -> 원소윤(1) | L7: =IFERROR(VLOOKUP(L6,'자율관 배정 R1'!$B:$F,3,FALSE)&"("&VLOOKUP(L6,'자율관 배정 R1'!$B:$E,2,FALSE)&")","") -> 신유나(1) | M7: =IFERROR(VLOOKUP(M6,'자율관 배정 R1'!$B:$F,3,FALSE)&"("&VLOOKUP(M6,'자율관 배정 R1'!$B:$E,2,FALSE)&")","") -> 서다나(1) | O7: =IFERROR(VLOOKUP(O6,'자율관 배정 R1'!$B:$F,3,FALSE)&"("&VLOOKUP(O6,'자율관 배정 R1'!$B:$E,2,FALSE)&")","") -> 박연우(1) | P7: =IFERROR(VLOOKUP(P6,'자율관 배정 R1'!$B:$F,3,FALSE)&"("&VLOOKUP(P6,'자율관 배정 R1'!$B:$E,2,FALSE)&")","") -> 박소하(1) | Q7: =IFERROR(VLOOKUP(Q6,'자율관 배정 R1'!$B:$F,3,FALSE)&"("&VLOOKUP(Q6,'자율관 배정 R1'!$B:$E,2,FALSE)&")","") -> 김효린(1) | R7: =IFERROR(VLOOKUP(R6,'자율관 배정 R1'!$B:$F,3,FALSE)&"("&VLOOKUP(R6,'자율관 배정 R1'!$B:$E,2,FALSE)&")","") -> 김령연(1) | S7: =IFERROR(VLOOKUP(S6,'자율관 배정 R1'!$B:$F,3,FALSE)&"("&VLOOKUP(S6,'자율관 배정 R1'!$B:$E,2,FALSE)&")","") -> 김솔(1) | T7: =IFERROR(VLOOKUP(T6,'자율관 배정 R1'!$B:$F,3,FALSE)&"("&VLOOKUP(T6,'자율관 배정 R1'!$B:$E,2,FALSE)&")","") -> 전유담(11) | U7: =IFERROR(VLOOKUP(U6,'자율관 배정 R1'!$B:$F,3,FALSE)&"("&VLOOKUP(U6,'자율관 배정 R1'!$B:$E,2,FALSE)&")","") -> 이하은(11) | X7: =IFERROR(VLOOKUP(X6,'자율관 배정 R1'!$B:$F,3,FALSE)&"("&VLOOKUP(X6,'자율관 배정 R1'!$B:$E,2,FALSE)&")","") -> 조규민(11) | Y7: =IFERROR(VLOOKUP(Y6,'자율관 배정 R1'!$B:$F,3,FALSE)&"("&VLOOKUP(Y6,'자율관 배정 R1'!$B:$E,2,FALSE)&")","") -> 홍석진(10) | Z7: =IFERROR(VLOOKUP(Z6,'자율관 배정 R1'!$B:$F,3,FALSE)&"("&VLOOKUP(Z6,'자율관 배정 R1'!$B:$E,2,FALSE)&")","") -> 나정수(9) | AB7: =IFERROR(VLOOKUP(AB6,'자율관 배정 R1'!$B:$F,3,FALSE)&"("&VLOOKUP(AB6,'자율관 배정 R1'!$B:$E,2,FALSE)&")","") -> 김승하(9) | AC7: =IFERROR(VLOOKUP(AC6,'자율관 배정 R1'!$B:$F,3,FALSE)&"("&VLOOKUP(AC6,'자율관 배정 R1'!$B:$E,2,FALSE)&")","") -> 김승원(8) | AD7: =IFERROR(VLOOKUP(AD6,'자율관 배정 R1'!$B:$F,3,FALSE)&"("&VLOOKUP(AD6,'자율관 배정 R1'!$B:$E,2,FALSE)&")","") -> 김지훈(6) | AE7: =IFERROR(VLOOKUP(AE6,'자율관 배정 R1'!$B:$F,3,FALSE)&"("&VLOOKUP(AE6,'자율관 배정 R1'!$B:$E,2,FALSE)&")","") -> 김우엽(6) | AF7: =IFERROR(VLOOKUP(AF6,'자율관 배정 R1'!$B:$F,3,FALSE)&"("&VLOOKUP(AF6,'자율관 배정 R1'!$B:$E,2,FALSE)&")","") -> 고승혁(6)
A8: =IFERROR(VLOOKUP(A6,'자율관 배정 R1'!$B:$F,5,FALSE)&"","") -> EP면학X | B8: =IFERROR(VLOOKUP(B6,'자율관 배정 R1'!$B:$F,5,FALSE)&"","") -> 월화수목 | C8: =IFERROR(VLOOKUP(C6,'자율관 배정 R1'!$B:$F,5,FALSE)&"","") -> EP면학X | D8: =IFERROR(VLOOKUP(D6,'자율관 배정 R1'!$B:$F,5,FALSE)&"","") | E8: =IFERROR(VLOOKUP(E6,'자율관 배정 R1'!$B:$F,5,FALSE)&"","") -> EP면학X | F8: =IFERROR(VLOOKUP(F6,'자율관 배정 R1'!$B:$F,5,FALSE)&"","") -> EP면학X | I8: =IFERROR(VLOOKUP(I6,'자율관 배정 R1'!$B:$F,5,FALSE)&"","") -> 기숙사 | J8: =IFERROR(VLOOKUP(J6,'자율관 배정 R1'!$B:$F,5,FALSE)&"","") -> EP면학X | K8: =IFERROR(VLOOKUP(K6,'자율관 배정 R1'!$B:$F,5,FALSE)&"","") -> EP면학X | L8: =IFERROR(VLOOKUP(L6,'자율관 배정 R1'!$B:$F,5,FALSE)&"","") -> EP면학X | M8: =IFERROR(VLOOKUP(M6,'자율관 배정 R1'!$B:$F,5,FALSE)&"","") -> 월화수목금 | O8: =IFERROR(VLOOKUP(O6,'자율관 배정 R1'!$B:$F,5,FALSE)&"","") -> 월화수목 | P8: =IFERROR(VLOOKUP(P6,'자율관 배정 R1'!$B:$F,5,FALSE)&"","") -> EP면학X | Q8: =IFERROR(VLOOKUP(Q6,'자율관 배정 R1'!$B:$F,5,FALSE)&"","") -> EP면학X | R8: =IFERROR(VLOOKUP(R6,'자율관 배정 R1'!$B:$F,5,FALSE)&"","") -> 기숙사 | S8: =IFERROR(VLOOKUP(S6,'자율관 배정 R1'!$B:$F,5,FALSE)&"","") -> EP면학X | T8: =IFERROR(VLOOKUP(T6,'자율관 배정 R1'!$B:$F,5,FALSE)&"","") -> EP면학X | U8: =IFERROR(VLOOKUP(U6,'자율관 배정 R1'!$B:$F,5,FALSE)&"","") -> 기숙사 | X8: =IFERROR(VLOOKUP(X6,'자율관 배정 R1'!$B:$F,5,FALSE)&"","") -> 월화수목 | Y8: =IFERROR(VLOOKUP(Y6,'자율관 배정 R1'!$B:$F,5,FALSE)&"","") -> 기숙사 | Z8: =IFERROR(VLOOKUP(Z6,'자율관 배정 R1'!$B:$F,5,FALSE)&"","") -> 기숙사 | AB8: =IFERROR(VLOOKUP(AB6,'자율관 배정 R1'!$B:$F,5,FALSE)&"","") -> 기숙사 | AC8: =IFERROR(VLOOKUP(AC6,'자율관 배정 R1'!$B:$F,5,FALSE)&"","") -> 기숙사 | AD8: =IFERROR(VLOOKUP(AD6,'자율관 배정 R1'!$B:$F,5,FALSE)&"","") -> 기숙사 | AE8: =IFERROR(VLOOKUP(AE6,'자율관 배정 R1'!$B:$F,5,FALSE)&"","") -> 기숙사 | AF8: =IFERROR(VLOOKUP(AF6,'자율관 배정 R1'!$B:$F,5,FALSE)&"","") -> 월화수목
A9: 2B063 | B9: 2B062 | C9: 2B061 | E9: 2B060 | F9: 2B059 | I9: 2B058 | J9: 2B057 | K9: 2B056 | L9: 2B055 | M9: 2B054 | O9: 2B053 | P9: 2B052 | Q9: 2B051 | R9: 2B050 | S9: 2B049 | T9: 2B048 | U9: 2B047 | X9: 2C026 | Y9: 2C025 | Z9: 2C024 | AB9: 2C023 | AC9: 2C022 | AD9: 2C021 | AE9: 2C020 | AF9: 2C019
A10: =IFERROR(VLOOKUP(A9,'자율관 배정 R1'!$B:$F,3,FALSE)&"("&VLOOKUP(A9,'자율관 배정 R1'!$B:$E,2,FALSE)&")","") -> 심비주(2) | B10: =IFERROR(VLOOKUP(B9,'자율관 배정 R1'!$B:$F,3,FALSE)&"("&VLOOKUP(B9,'자율관 배정 R1'!$B:$E,2,FALSE)&")","") -> 박지우(2) | C10: =IFERROR(VLOOKUP(C9,'자율관 배정 R1'!$B:$F,3,FALSE)&"("&VLOOKUP(C9,'자율관 배정 R1'!$B:$E,2,FALSE)&")","") -> 신윤서(2) | E10: =IFERROR(VLOOKUP(E9,'자율관 배정 R1'!$B:$F,3,FALSE)&"("&VLOOKUP(E9,'자율관 배정 R1'!$B:$E,2,FALSE)&")","") -> 남현지(2) | F10: =IFERROR(VLOOKUP(F9,'자율관 배정 R1'!$B:$F,3,FALSE)&"("&VLOOKUP(F9,'자율관 배정 R1'!$B:$E,2,FALSE)&")","") -> 송효주(2) | I10: =IFERROR(VLOOKUP(I9,'자율관 배정 R1'!$B:$F,3,FALSE)&"("&VLOOKUP(I9,'자율관 배정 R1'!$B:$E,2,FALSE)&")","") -> 나윤서(2) | J10: =IFERROR(VLOOKUP(J9,'자율관 배정 R1'!$B:$F,3,FALSE)&"("&VLOOKUP(J9,'자율관 배정 R1'!$B:$E,2,FALSE)&")","") -> 김민선(2) | K10: =IFERROR(VLOOKUP(K9,'자율관 배정 R1'!$B:$F,3,FALSE)&"("&VLOOKUP(K9,'자율관 배정 R1'!$B:$E,2,FALSE)&")","") -> 김수현(2) | L10: =IFERROR(VLOOKUP(L9,'자율관 배정 R1'!$B:$F,3,FALSE)&"("&VLOOKUP(L9,'자율관 배정 R1'!$B:$E,2,FALSE)&")","") -> 최여정(1) | M10: =IFERROR(VLOOKUP(M9,'자율관 배정 R1'!$B:$F,3,FALSE)&"("&VLOOKUP(M9,'자율관 배정 R1'!$B:$E,2,FALSE)&")","") -> 한지효(1) | O10: =IFERROR(VLOOKUP(O9,'자율관 배정 R1'!$B:$F,3,FALSE)&"("&VLOOKUP(O9,'자율관 배정 R1'!$B:$E,2,FALSE)&")","") -> 진나현(1) | P10: =IFERROR(VLOOKUP(P9,'자율관 배정 R1'!$B:$F,3,FALSE)&"("&VLOOKUP(P9,'자율관 배정 R1'!$B:$E,2,FALSE)&")","") -> 정효주(1) | Q10: =IFERROR(VLOOKUP(Q9,'자율관 배정 R1'!$B:$F,3,FALSE)&"("&VLOOKUP(Q9,'자율관 배정 R1'!$B:$E,2,FALSE)&")","") -> 전원희(1) | R10: =IFERROR(VLOOKUP(R9,'자율관 배정 R1'!$B:$F,3,FALSE)&"("&VLOOKUP(R9,'자율관 배정 R1'!$B:$E,2,FALSE)&")","") -> 정유빈(1) | S10: =IFERROR(VLOOKUP(S9,'자율관 배정 R1'!$B:$F,3,FALSE)&"("&VLOOKUP(S9,'자율관 배정 R1'!$B:$E,2,FALSE)&")","") -> 이지윤(1) | T10: =IFERROR(VLOOKUP(T9,'자율관 배정 R1'!$B:$F,3,FALSE)&"("&VLOOKUP(T9,'자율관 배정 R1'!$B:$E,2,FALSE)&")","") -> 박해원(11) | U10: =IFERROR(VLOOKUP(U9,'자율관 배정 R1'!$B:$F,3,FALSE)&"("&VLOOKUP(U9,'자율관 배정 R1'!$B:$E,2,FALSE)&")","") -> 이나엘라(3) | X10: =IFERROR(VLOOKUP(X9,'자율관 배정 R1'!$B:$F,3,FALSE)&"("&VLOOKUP(X9,'자율관 배정 R1'!$B:$E,2,FALSE)&")","") -> 조아훈(5) | Y10: =IFERROR(VLOOKUP(Y9,'자율관 배정 R1'!$B:$F,3,FALSE)&"("&VLOOKUP(Y9,'자율관 배정 R1'!$B:$E,2,FALSE)&")","") -> 김휘연(5) | Z10: =IFERROR(VLOOKUP(Z9,'자율관 배정 R1'!$B:$F,3,FALSE)&"("&VLOOKUP(Z9,'자율관 배정 R1'!$B:$E,2,FALSE)&")","") -> 강병훈(5) | AB10: =IFERROR(VLOOKUP(AB9,'자율관 배정 R1'!$B:$F,3,FALSE)&"("&VLOOKUP(AB9,'자율관 배정 R1'!$B:$E,2,FALSE)&")","") -> 변정빈(4) | AC10: =IFERROR(VLOOKUP(AC9,'자율관 배정 R1'!$B:$F,3,FALSE)&"("&VLOOKUP(AC9,'자율관 배정 R1'!$B:$E,2,FALSE)&")","") -> 박종하(4) | AD10: =IFERROR(VLOOKUP(AD9,'자율관 배정 R1'!$B:$F,3,FALSE)&"("&VLOOKUP(AD9,'자율관 배정 R1'!$B:$E,2,FALSE)&")","") -> 신연운(3) | AE10: =IFERROR(VLOOKUP(AE9,'자율관 배정 R1'!$B:$F,3,FALSE)&"("&VLOOKUP(AE9,'자율관 배정 R1'!$B:$E,2,FALSE)&")","") -> 노현수(3) | AF10: =IFERROR(VLOOKUP(AF9,'자율관 배정 R1'!$B:$F,3,FALSE)&"("&VLOOKUP(AF9,'자율관 배정 R1'!$B:$E,2,FALSE)&")","") -> 김선율(1)
A11: =IFERROR(VLOOKUP(A9,'자율관 배정 R1'!$B:$F,5,FALSE)&"","") -> EP면학X | B11: =IFERROR(VLOOKUP(B9,'자율관 배정 R1'!$B:$F,5,FALSE)&"","") -> 기숙사 | C11: =IFERROR(VLOOKUP(C9,'자율관 배정 R1'!$B:$F,5,FALSE)&"","") -> EP면학X | D11: =IFERROR(VLOOKUP(D9,'자율관 배정 R1'!$B:$F,5,FALSE)&"","") | E11: =IFERROR(VLOOKUP(E9,'자율관 배정 R1'!$B:$F,5,FALSE)&"","") -> 기숙사 | F11: =IFERROR(VLOOKUP(F9,'자율관 배정 R1'!$B:$F,5,FALSE)&"","") -> EP면학X | I11: =IFERROR(VLOOKUP(I9,'자율관 배정 R1'!$B:$F,5,FALSE)&"","") -> 월화수목 | J11: =IFERROR(VLOOKUP(J9,'자율관 배정 R1'!$B:$F,5,FALSE)&"","") -> 월화수목 | K11: =IFERROR(VLOOKUP(K9,'자율관 배정 R1'!$B:$F,5,FALSE)&"","") -> EP면학X | L11: =IFERROR(VLOOKUP(L9,'자율관 배정 R1'!$B:$F,5,FALSE)&"","") -> EP면학X | M11: =IFERROR(VLOOKUP(M9,'자율관 배정 R1'!$B:$F,5,FALSE)&"","") -> 월화수목 | O11: =IFERROR(VLOOKUP(O9,'자율관 배정 R1'!$B:$F,5,FALSE)&"","") -> EP면학X | P11: =IFERROR(VLOOKUP(P9,'자율관 배정 R1'!$B:$F,5,FALSE)&"","") -> 월화수목 | Q11: =IFERROR(VLOOKUP(Q9,'자율관 배정 R1'!$B:$F,5,FALSE)&"","") -> EP면학X | R11: =IFERROR(VLOOKUP(R9,'자율관 배정 R1'!$B:$F,5,FALSE)&"","") -> EP면학X | S11: =IFERROR(VLOOKUP(S9,'자율관 배정 R1'!$B:$F,5,FALSE)&"","") -> EP면학X | T11: =IFERROR(VLOOKUP(T9,'자율관 배정 R1'!$B:$F,5,FALSE)&"","") -> 기숙사 | U11: =IFERROR(VLOOKUP(U9,'자율관 배정 R1'!$B:$F,5,FALSE)&"","") -> EP면학X | X11: =IFERROR(VLOOKUP(X9,'자율관 배정 R1'!$B:$F,5,FALSE)&"","") -> 기숙사 | Y11: =IFERROR(VLOOKUP(Y9,'자율관 배정 R1'!$B:$F,5,FALSE)&"","") -> 기숙사 | Z11: =IFERROR(VLOOKUP(Z9,'자율관 배정 R1'!$B:$F,5,FALSE)&"","") -> 월화수목 | AB11: =IFERROR(VLOOKUP(AB9,'자율관 배정 R1'!$B:$F,5,FALSE)&"","") -> 기숙사 | AC11: =IFERROR(VLOOKUP(AC9,'자율관 배정 R1'!$B:$F,5,FALSE)&"","") -> 기숙사 | AD11: =IFERROR(VLOOKUP(AD9,'자율관 배정 R1'!$B:$F,5,FALSE)&"","") -> 기숙사 | AE11: =IFERROR(VLOOKUP(AE9,'자율관 배정 R1'!$B:$F,5,FALSE)&"","") -> 월화수목 | AF11: =IFERROR(VLOOKUP(AF9,'자율관 배정 R1'!$B:$F,5,FALSE)&"","") -> 기숙사
A13: 2B046 | B13: 2B045 | C13: 2B044 | E13: 2B043 | F13: 2B042 | I13: 2B041 | J13: 2B040 | K13: 2B039 | L13: 2B038 | M13: 2B037 | O13: 2B036 | P13: 2B035 | Q13: 2B034 | R13: 2B033 | S13: 2B032 | T13: 2B031 | U13: 2B030 | X13: 2C018 | Y13: 2C017 | Z13: 2C016 | AB13: 2C015 | AC13: 2C014 | AD13: 2C013 | AE13: 2C012 | AF13: 2C011
A14: =IFERROR(VLOOKUP(A13,'자율관 배정 R1'!$B:$F,3,FALSE)&"("&VLOOKUP(A13,'자율관 배정 R1'!$B:$E,2,FALSE)&")","") -> 오혜빈(3) | B14: =IFERROR(VLOOKUP(B13,'자율관 배정 R1'!$B:$F,3,FALSE)&"("&VLOOKUP(B13,'자율관 배정 R1'!$B:$E,2,FALSE)&")","") -> 권민성(3) | C14: =IFERROR(VLOOKUP(C13,'자율관 배정 R1'!$B:$F,3,FALSE)&"("&VLOOKUP(C13,'자율관 배정 R1'!$B:$E,2,FALSE)&")","") -> 문서영(3) | E14: =IFERROR(VLOOKUP(E13,'자율관 배정 R1'!$B:$F,3,FALSE)&"("&VLOOKUP(E13,'자율관 배정 R1'!$B:$E,2,FALSE)&")","") -> 허윤지(2) | F14: =IFERROR(VLOOKUP(F13,'자율관 배정 R1'!$B:$F,3,FALSE)&"("&VLOOKUP(F13,'자율관 배정 R1'!$B:$E,2,FALSE)&")","") -> 김유안(3) | I14: =IFERROR(VLOOKUP(I13,'자율관 배정 R1'!$B:$F,3,FALSE)&"("&VLOOKUP(I13,'자율관 배정 R1'!$B:$E,2,FALSE)&")","") -> 한지우(2) | J14: =IFERROR(VLOOKUP(J13,'자율관 배정 R1'!$B:$F,3,FALSE)&"("&VLOOKUP(J13,'자율관 배정 R1'!$B:$E,2,FALSE)&")","") -> 김유리(3) | K14: =IFERROR(VLOOKUP(K13,'자율관 배정 R1'!$B:$F,3,FALSE)&"("&VLOOKUP(K13,'자율관 배정 R1'!$B:$E,2,FALSE)&")","") -> 이은(2) | L14: =IFERROR(VLOOKUP(L13,'자율관 배정 R1'!$B:$F,3,FALSE)&"("&VLOOKUP(L13,'자율관 배정 R1'!$B:$E,2,FALSE)&")","") -> 한예현(2) | M14: =IFERROR(VLOOKUP(M13,'자율관 배정 R1'!$B:$F,3,FALSE)&"("&VLOOKUP(M13,'자율관 배정 R1'!$B:$E,2,FALSE)&")","") -> 이서빈(2) | O14: =IFERROR(VLOOKUP(O13,'자율관 배정 R1'!$B:$F,3,FALSE)&"("&VLOOKUP(O13,'자율관 배정 R1'!$B:$E,2,FALSE)&")","") -> 최예빈(2) | P14: =IFERROR(VLOOKUP(P13,'자율관 배정 R1'!$B:$F,3,FALSE)&"("&VLOOKUP(P13,'자율관 배정 R1'!$B:$E,2,FALSE)&")","") -> 이나연(2) | Q14: =IFERROR(VLOOKUP(Q13,'자율관 배정 R1'!$B:$F,3,FALSE)&"("&VLOOKUP(Q13,'자율관 배정 R1'!$B:$E,2,FALSE)&")","") -> 유지원(2) | R14: =IFERROR(VLOOKUP(R13,'자율관 배정 R1'!$B:$F,3,FALSE)&"("&VLOOKUP(R13,'자율관 배정 R1'!$B:$E,2,FALSE)&")","") -> 박혜은(2) | S14: =IFERROR(VLOOKUP(S13,'자율관 배정 R1'!$B:$F,3,FALSE)&"("&VLOOKUP(S13,'자율관 배정 R1'!$B:$E,2,FALSE)&")","") -> 안수인(2) | T14: =IFERROR(VLOOKUP(T13,'자율관 배정 R1'!$B:$F,3,FALSE)&"("&VLOOKUP(T13,'자율관 배정 R1'!$B:$E,2,FALSE)&")","") -> 한지민(10) | U14: =IFERROR(VLOOKUP(U13,'자율관 배정 R1'!$B:$F,3,FALSE)&"("&VLOOKUP(U13,'자율관 배정 R1'!$B:$E,2,FALSE)&")","") -> 이현(4) | X14: =IFERROR(VLOOKUP(X13,'자율관 배정 R1'!$B:$F,3,FALSE)&"("&VLOOKUP(X13,'자율관 배정 R1'!$B:$E,2,FALSE)&")","") -> 이지수(9) | Y14: =IFERROR(VLOOKUP(Y13,'자율관 배정 R1'!$B:$F,3,FALSE)&"("&VLOOKUP(Y13,'자율관 배정 R1'!$B:$E,2,FALSE)&")","") -> 이선영(9) | Z14: =IFERROR(VLOOKUP(Z13,'자율관 배정 R1'!$B:$F,3,FALSE)&"("&VLOOKUP(Z13,'자율관 배정 R1'!$B:$E,2,FALSE)&")","") -> 이수진(9) | AB14: =IFERROR(VLOOKUP(AB13,'자율관 배정 R1'!$B:$F,3,FALSE)&"("&VLOOKUP(AB13,'자율관 배정 R1'!$B:$E,2,FALSE)&")","") -> 지수민(8) | AC14: =IFERROR(VLOOKUP(AC13,'자율관 배정 R1'!$B:$F,3,FALSE)&"("&VLOOKUP(AC13,'자율관 배정 R1'!$B:$E,2,FALSE)&")","") -> 전성주(7) | AD14: =IFERROR(VLOOKUP(AD13,'자율관 배정 R1'!$B:$F,3,FALSE)&"("&VLOOKUP(AD13,'자율관 배정 R1'!$B:$E,2,FALSE)&")","") -> 박민영(7) | AE14: =IFERROR(VLOOKUP(AE13,'자율관 배정 R1'!$B:$F,3,FALSE)&"("&VLOOKUP(AE13,'자율관 배정 R1'!$B:$E,2,FALSE)&")","") -> () | AF14: =IFERROR(VLOOKUP(AF13,'자율관 배정 R1'!$B:$F,3,FALSE)&"("&VLOOKUP(AF13,'자율관 배정 R1'!$B:$E,2,FALSE)&")","") -> 조효인(4)
A15: =IFERROR(VLOOKUP(A13,'자율관 배정 R1'!$B:$F,5,FALSE)&"","") -> EP면학X | B15: =IFERROR(VLOOKUP(B13,'자율관 배정 R1'!$B:$F,5,FALSE)&"","") -> EP면학X | C15: =IFERROR(VLOOKUP(C13,'자율관 배정 R1'!$B:$F,5,FALSE)&"","") -> EP면학X | D15: =IFERROR(VLOOKUP(D13,'자율관 배정 R1'!$B:$F,5,FALSE)&"","") | E15: =IFERROR(VLOOKUP(E13,'자율관 배정 R1'!$B:$F,5,FALSE)&"","") -> 기숙사 | F15: =IFERROR(VLOOKUP(F13,'자율관 배정 R1'!$B:$F,5,FALSE)&"","") -> EP면학X | I15: =IFERROR(VLOOKUP(I13,'자율관 배정 R1'!$B:$F,5,FALSE)&"","") -> 월화수목 | J15: =IFERROR(VLOOKUP(J13,'자율관 배정 R1'!$B:$F,5,FALSE)&"","") -> EP면학X | K15: =IFERROR(VLOOKUP(K13,'자율관 배정 R1'!$B:$F,5,FALSE)&"","") -> 기숙사 | L15: =IFERROR(VLOOKUP(L13,'자율관 배정 R1'!$B:$F,5,FALSE)&"","") -> EP면학X | M15: =IFERROR(VLOOKUP(M13,'자율관 배정 R1'!$B:$F,5,FALSE)&"","") -> EP면학X | O15: =IFERROR(VLOOKUP(O13,'자율관 배정 R1'!$B:$F,5,FALSE)&"","") -> EP면학X | P15: =IFERROR(VLOOKUP(P13,'자율관 배정 R1'!$B:$F,5,FALSE)&"","") -> EP면학X | Q15: =IFERROR(VLOOKUP(Q13,'자율관 배정 R1'!$B:$F,5,FALSE)&"","") -> EP면학X | R15: =IFERROR(VLOOKUP(R13,'자율관 배정 R1'!$B:$F,5,FALSE)&"","") -> 기숙사 | S15: =IFERROR(VLOOKUP(S13,'자율관 배정 R1'!$B:$F,5,FALSE)&"","") -> EP면학X | T15: =IFERROR(VLOOKUP(T13,'자율관 배정 R1'!$B:$F,5,FALSE)&"","") -> 기숙사 | U15: =IFERROR(VLOOKUP(U13,'자율관 배정 R1'!$B:$F,5,FALSE)&"","") -> EP면학X | X15: =IFERROR(VLOOKUP(X13,'자율관 배정 R1'!$B:$F,5,FALSE)&"","") -> 월화수목 | Y15: =IFERROR(VLOOKUP(Y13,'자율관 배정 R1'!$B:$F,5,FALSE)&"","") -> 기숙사 | Z15: =IFERROR(VLOOKUP(Z13,'자율관 배정 R1'!$B:$F,5,FALSE)&"","") -> 월화수목 | AB15: =IFERROR(VLOOKUP(AB13,'자율관 배정 R1'!$B:$F,5,FALSE)&"","") -> 기숙사 | AC15: =IFERROR(VLOOKUP(AC13,'자율관 배정 R1'!$B:$F,5,FALSE)&"","") -> 기숙사 | AD15: =IFERROR(VLOOKUP(AD13,'자율관 배정 R1'!$B:$F,5,FALSE)&"","") -> 기숙사 | AE15: =IFERROR(VLOOKUP(AE13,'자율관 배정 R1'!$B:$F,5,FALSE)&"","") | AF15: =IFERROR(VLOOKUP(AF13,'자율관 배정 R1'!$B:$F,5,FALSE)&"","") -> 기숙사
A16: 2B029 | B16: 2B028 | C16: 2B027 | E16: 2B026 | F16: 2B025 | I16: 2B024 | J16: 2B023 | K16: 2B022 | L16: 2B021 | M16: 2B020 | O16: 2B019 | P16: 2B018 | Q16: 2B017 | R16: 2B016 | S16: 2B015 | T16: 2B014 | U16: 2B013 | X16: 2C010 | Y16: 2C009 | Z16: 2C008 | AB16: 2C007 | AC16: 2C006 | AD16: 2C005 | AE16: 2C004 | AF16: 2C003
A17: =IFERROR(VLOOKUP(A16,'자율관 배정 R1'!$B:$F,3,FALSE)&"("&VLOOKUP(A16,'자율관 배정 R1'!$B:$E,2,FALSE)&")","") -> 임소은(4) | B17: =IFERROR(VLOOKUP(B16,'자율관 배정 R1'!$B:$F,3,FALSE)&"("&VLOOKUP(B16,'자율관 배정 R1'!$B:$E,2,FALSE)&")","") -> 전아정(3) | C17: =IFERROR(VLOOKUP(C16,'자율관 배정 R1'!$B:$F,3,FALSE)&"("&VLOOKUP(C16,'자율관 배정 R1'!$B:$E,2,FALSE)&")","") -> 이지효(4) | E17: =IFERROR(VLOOKUP(E16,'자율관 배정 R1'!$B:$F,3,FALSE)&"("&VLOOKUP(E16,'자율관 배정 R1'!$B:$E,2,FALSE)&")","") -> 장영우(3) | F17: =IFERROR(VLOOKUP(F16,'자율관 배정 R1'!$B:$F,3,FALSE)&"("&VLOOKUP(F16,'자율관 배정 R1'!$B:$E,2,FALSE)&")","") -> 이다연(4) | I17: =IFERROR(VLOOKUP(I16,'자율관 배정 R1'!$B:$F,3,FALSE)&"("&VLOOKUP(I16,'자율관 배정 R1'!$B:$E,2,FALSE)&")","") -> 이민선(3) | J17: =IFERROR(VLOOKUP(J16,'자율관 배정 R1'!$B:$F,3,FALSE)&"("&VLOOKUP(J16,'자율관 배정 R1'!$B:$E,2,FALSE)&")","") -> 엄수영(4) | K17: =IFERROR(VLOOKUP(K16,'자율관 배정 R1'!$B:$F,3,FALSE)&"("&VLOOKUP(K16,'자율관 배정 R1'!$B:$E,2,FALSE)&")","") -> 이나경(3) | L17: =IFERROR(VLOOKUP(L16,'자율관 배정 R1'!$B:$F,3,FALSE)&"("&VLOOKUP(L16,'자율관 배정 R1'!$B:$E,2,FALSE)&")","") -> 박선영(4) | M17: =IFERROR(VLOOKUP(M16,'자율관 배정 R1'!$B:$F,3,FALSE)&"("&VLOOKUP(M16,'자율관 배정 R1'!$B:$E,2,FALSE)&")","") -> 유초열(3) | O17: =IFERROR(VLOOKUP(O16,'자율관 배정 R1'!$B:$F,3,FALSE)&"("&VLOOKUP(O16,'자율관 배정 R1'!$B:$E,2,FALSE)&")","") -> 남효정(4) | P17: =IFERROR(VLOOKUP(P16,'자율관 배정 R1'!$B:$F,3,FALSE)&"("&VLOOKUP(P16,'자율관 배정 R1'!$B:$E,2,FALSE)&")","") -> 남지윤(3) | Q17: =IFERROR(VLOOKUP(Q16,'자율관 배정 R1'!$B:$F,3,FALSE)&"("&VLOOKUP(Q16,'자율관 배정 R1'!$B:$E,2,FALSE)&")","") -> 한초윤(3) | R17: =IFERROR(VLOOKUP(R16,'자율관 배정 R1'!$B:$F,3,FALSE)&"("&VLOOKUP(R16,'자율관 배정 R1'!$B:$E,2,FALSE)&")","") -> 김나현(3) | S17: =IFERROR(VLOOKUP(S16,'자율관 배정 R1'!$B:$F,3,FALSE)&"("&VLOOKUP(S16,'자율관 배정 R1'!$B:$E,2,FALSE)&")","") -> 장연주(3) | T17: =IFERROR(VLOOKUP(T16,'자율관 배정 R1'!$B:$F,3,FALSE)&"("&VLOOKUP(T16,'자율관 배정 R1'!$B:$E,2,FALSE)&")","") -> 이재영(10) | U17: =IFERROR(VLOOKUP(U16,'자율관 배정 R1'!$B:$F,3,FALSE)&"("&VLOOKUP(U16,'자율관 배정 R1'!$B:$E,2,FALSE)&")","") -> 조하늬(9) | X17: =IFERROR(VLOOKUP(X16,'자율관 배정 R1'!$B:$F,3,FALSE)&"("&VLOOKUP(X16,'자율관 배정 R1'!$B:$E,2,FALSE)&")","") -> 강지윤(4) | Y17: =IFERROR(VLOOKUP(Y16,'자율관 배정 R1'!$B:$F,3,FALSE)&"("&VLOOKUP(Y16,'자율관 배정 R1'!$B:$E,2,FALSE)&")","") -> 강서현(11) | Z17: =IFERROR(VLOOKUP(Z16,'자율관 배정 R1'!$B:$F,3,FALSE)&"("&VLOOKUP(Z16,'자율관 배정 R1'!$B:$E,2,FALSE)&")","") -> () | AB17: =IFERROR(VLOOKUP(AB16,'자율관 배정 R1'!$B:$F,3,FALSE)&"("&VLOOKUP(AB16,'자율관 배정 R1'!$B:$E,2,FALSE)&")","") -> 연예은(3) | AC17: =IFERROR(VLOOKUP(AC16,'자율관 배정 R1'!$B:$F,3,FALSE)&"("&VLOOKUP(AC16,'자율관 배정 R1'!$B:$E,2,FALSE)&")","") -> 이서현(3) | AD17: =IFERROR(VLOOKUP(AD16,'자율관 배정 R1'!$B:$F,3,FALSE)&"("&VLOOKUP(AD16,'자율관 배정 R1'!$B:$E,2,FALSE)&")","") -> 김서영(3) | AE17: =IFERROR(VLOOKUP(AE16,'자율관 배정 R1'!$B:$F,3,FALSE)&"("&VLOOKUP(AE16,'자율관 배정 R1'!$B:$E,2,FALSE)&")","") -> 조하은(2) | AF17: =IFERROR(VLOOKUP(AF16,'자율관 배정 R1'!$B:$F,3,FALSE)&"("&VLOOKUP(AF16,'자율관 배정 R1'!$B:$E,2,FALSE)&")","") -> 석지원(2)
A18: =IFERROR(VLOOKUP(A16,'자율관 배정 R1'!$B:$F,5,FALSE)&"","") -> EP면학X | B18: =IFERROR(VLOOKUP(B16,'자율관 배정 R1'!$B:$F,5,FALSE)&"","") -> EP면학X | C18: =IFERROR(VLOOKUP(C16,'자율관 배정 R1'!$B:$F,5,FALSE)&"","") -> EP면학X | D18: =IFERROR(VLOOKUP(D16,'자율관 배정 R1'!$B:$F,5,FALSE)&"","") | E18: =IFERROR(VLOOKUP(E16,'자율관 배정 R1'!$B:$F,5,FALSE)&"","") -> 월화수목 | F18: =IFERROR(VLOOKUP(F16,'자율관 배정 R1'!$B:$F,5,FALSE)&"","") -> EP면학X | I18: =IFERROR(VLOOKUP(I16,'자율관 배정 R1'!$B:$F,5,FALSE)&"","") -> 기숙사 | J18: =IFERROR(VLOOKUP(J16,'자율관 배정 R1'!$B:$F,5,FALSE)&"","") -> EP면학X | K18: =IFERROR(VLOOKUP(K16,'자율관 배정 R1'!$B:$F,5,FALSE)&"","") -> 기숙사 | L18: =IFERROR(VLOOKUP(L16,'자율관 배정 R1'!$B:$F,5,FALSE)&"","") -> EP면학X | M18: =IFERROR(VLOOKUP(M16,'자율관 배정 R1'!$B:$F,5,FALSE)&"","") -> 기숙사 | O18: =IFERROR(VLOOKUP(O16,'자율관 배정 R1'!$B:$F,5,FALSE)&"","") -> EP면학X | P18: =IFERROR(VLOOKUP(P16,'자율관 배정 R1'!$B:$F,5,FALSE)&"","") -> 기숙사 | Q18: =IFERROR(VLOOKUP(Q16,'자율관 배정 R1'!$B:$F,5,FALSE)&"","") -> EP면학X | R18: =IFERROR(VLOOKUP(R16,'자율관 배정 R1'!$B:$F,5,FALSE)&"","") -> 월화수목 | S18: =IFERROR(VLOOKUP(S16,'자율관 배정 R1'!$B:$F,5,FALSE)&"","") -> EP면학X | T18: =IFERROR(VLOOKUP(T16,'자율관 배정 R1'!$B:$F,5,FALSE)&"","") -> EP면학X | U18: =IFERROR(VLOOKUP(U16,'자율관 배정 R1'!$B:$F,5,FALSE)&"","") -> 월목 | X18: =IFERROR(VLOOKUP(X16,'자율관 배정 R1'!$B:$F,5,FALSE)&"","") -> 월화수목 | Y18: =IFERROR(VLOOKUP(Y16,'자율관 배정 R1'!$B:$F,5,FALSE)&"","") -> 월화수목금 | Z18: =IFERROR(VLOOKUP(Z16,'자율관 배정 R1'!$B:$F,5,FALSE)&"","") | AB18: =IFERROR(VLOOKUP(AB16,'자율관 배정 R1'!$B:$F,5,FALSE)&"","") -> 월화수목금 | AC18: =IFERROR(VLOOKUP(AC16,'자율관 배정 R1'!$B:$F,5,FALSE)&"","") -> 기숙사 | AD18: =IFERROR(VLOOKUP(AD16,'자율관 배정 R1'!$B:$F,5,FALSE)&"","") -> EP면학X | AE18: =IFERROR(VLOOKUP(AE16,'자율관 배정 R1'!$B:$F,5,FALSE)&"","") -> 기숙사 | AF18: =IFERROR(VLOOKUP(AF16,'자율관 배정 R1'!$B:$F,5,FALSE)&"","") -> EP면학X
A20: 2B012 | B20: 2B011 | C20: 2B010 | E20: 2B009 | F20: 2B008 | J20: 2B007 | K20: 2B006 | L20: 2B005 | M20: 2B004 | T20: 2B003 | U20: 2B002 | V20: 2B001 | AE20: 2C002 | AF20: 2C001
A21: =IFERROR(VLOOKUP(A20,'자율관 배정 R1'!$B:$F,3,FALSE)&"("&VLOOKUP(A20,'자율관 배정 R1'!$B:$E,2,FALSE)&")","") -> 변가은(4) | B21: =IFERROR(VLOOKUP(B20,'자율관 배정 R1'!$B:$F,3,FALSE)&"("&VLOOKUP(B20,'자율관 배정 R1'!$B:$E,2,FALSE)&")","") -> 강서영(5) | C21: =IFERROR(VLOOKUP(C20,'자율관 배정 R1'!$B:$F,3,FALSE)&"("&VLOOKUP(C20,'자율관 배정 R1'!$B:$E,2,FALSE)&")","") -> 김예은(4) | E21: =IFERROR(VLOOKUP(E20,'자율관 배정 R1'!$B:$F,3,FALSE)&"("&VLOOKUP(E20,'자율관 배정 R1'!$B:$E,2,FALSE)&")","") -> 강민주(5) | F21: =IFERROR(VLOOKUP(F20,'자율관 배정 R1'!$B:$F,3,FALSE)&"("&VLOOKUP(F20,'자율관 배정 R1'!$B:$E,2,FALSE)&")","") -> 홍유진(3) | J21: =IFERROR(VLOOKUP(J20,'자율관 배정 R1'!$B:$F,3,FALSE)&"("&VLOOKUP(J20,'자율관 배정 R1'!$B:$E,2,FALSE)&")","") -> 최경은(4) | K21: =IFERROR(VLOOKUP(K20,'자율관 배정 R1'!$B:$F,3,FALSE)&"("&VLOOKUP(K20,'자율관 배정 R1'!$B:$E,2,FALSE)&")","") -> 조지윤(3) | L21: =IFERROR(VLOOKUP(L20,'자율관 배정 R1'!$B:$F,3,FALSE)&"("&VLOOKUP(L20,'자율관 배정 R1'!$B:$E,2,FALSE)&")","") -> 전가은(4) | M21: =IFERROR(VLOOKUP(M20,'자율관 배정 R1'!$B:$F,3,FALSE)&"("&VLOOKUP(M20,'자율관 배정 R1'!$B:$E,2,FALSE)&")","") -> 정혜인(3) | N21: =IFERROR(VLOOKUP(N20,'자율관 배정 R1'!$B:$F,3,FALSE)&"("&VLOOKUP(N13,'자율관 배정 R1'!$B:$E,2,FALSE)&")","") | O21: =IFERROR(VLOOKUP(O20,'자율관 배정 R1'!$B:$F,3,FALSE)&"("&VLOOKUP(O13,'자율관 배정 R1'!$B:$E,2,FALSE)&")","") | P21: =IFERROR(VLOOKUP(P20,'자율관 배정 R1'!$B:$F,3,FALSE)&"("&VLOOKUP(P13,'자율관 배정 R1'!$B:$E,2,FALSE)&")","") | Q21: =IFERROR(VLOOKUP(Q20,'자율관 배정 R1'!$B:$F,3,FALSE)&"("&VLOOKUP(Q13,'자율관 배정 R1'!$B:$E,2,FALSE)&")","") | R21: =IFERROR(VLOOKUP(R20,'자율관 배정 R1'!$B:$F,3,FALSE)&"("&VLOOKUP(R13,'자율관 배정 R1'!$B:$E,2,FALSE)&")","") | S21: =IFERROR(VLOOKUP(S20,'자율관 배정 R1'!$B:$F,3,FALSE)&"("&VLOOKUP(S13,'자율관 배정 R1'!$B:$E,2,FALSE)&")","") | T21: =IFERROR(VLOOKUP(T20,'자율관 배정 R1'!$B:$F,3,FALSE)&"("&VLOOKUP(T20,'자율관 배정 R1'!$B:$E,2,FALSE)&")","") -> 최하진(9) | U21: =IFERROR(VLOOKUP(U20,'자율관 배정 R1'!$B:$F,3,FALSE)&"("&VLOOKUP(U20,'자율관 배정 R1'!$B:$E,2,FALSE)&")","") -> 정지영(9) | V21: =IFERROR(VLOOKUP(V20,'자율관 배정 R1'!$B:$F,3,FALSE)&"("&VLOOKUP(V20,'자율관 배정 R1'!$B:$E,2,FALSE)&")","") -> 임예슬(9) | X21: =IFERROR(VLOOKUP(X20,'자율관 배정 R1'!$B:$F,3,FALSE)&"("&VLOOKUP(X13,'자율관 배정 R1'!$B:$E,2,FALSE)&")","") | Y21: =IFERROR(VLOOKUP(Y20,'자율관 배정 R1'!$B:$F,3,FALSE)&"("&VLOOKUP(Y13,'자율관 배정 R1'!$B:$E,2,FALSE)&")","") | Z21: =IFERROR(VLOOKUP(Z20,'자율관 배정 R1'!$B:$F,3,FALSE)&"("&VLOOKUP(Z13,'자율관 배정 R1'!$B:$E,2,FALSE)&")","") | AA21: =IFERROR(VLOOKUP(AA20,'자율관 배정 R1'!$B:$F,3,FALSE)&"("&VLOOKUP(AA13,'자율관 배정 R1'!$B:$E,2,FALSE)&")","") | AB21: =IFERROR(VLOOKUP(AB20,'자율관 배정 R1'!$B:$F,3,FALSE)&"("&VLOOKUP(AB13,'자율관 배정 R1'!$B:$E,2,FALSE)&")","") | AC21: =IFERROR(VLOOKUP(AC20,'자율관 배정 R1'!$B:$F,3,FALSE)&"("&VLOOKUP(AC13,'자율관 배정 R1'!$B:$E,2,FALSE)&")","") | AD21: =IFERROR(VLOOKUP(AD20,'자율관 배정 R1'!$B:$F,3,FALSE)&"("&VLOOKUP(AD13,'자율관 배정 R1'!$B:$E,2,FALSE)&")","") | AE21: =IFERROR(VLOOKUP(AE20,'자율관 배정 R1'!$B:$F,3,FALSE)&"("&VLOOKUP(AE20,'자율관 배정 R1'!$B:$E,2,FALSE)&")","") -> 오수아(2) | AF21: =IFERROR(VLOOKUP(AF20,'자율관 배정 R1'!$B:$F,3,FALSE)&"("&VLOOKUP(AF20,'자율관 배정 R1'!$B:$E,2,FALSE)&")","") -> 김건희(2)
A22: =IFERROR(VLOOKUP(A20,'자율관 배정 R1'!$B:$F,5,FALSE)&"","") -> EP면학X | B22: =IFERROR(VLOOKUP(B20,'자율관 배정 R1'!$B:$F,5,FALSE)&"","") -> EP면학X | C22: =IFERROR(VLOOKUP(C20,'자율관 배정 R1'!$B:$F,5,FALSE)&"","") -> EP면학X | D22: =IFERROR(VLOOKUP(D20,'자율관 배정 R1'!$B:$F,5,FALSE)&"","") | E22: =IFERROR(VLOOKUP(E20,'자율관 배정 R1'!$B:$F,5,FALSE)&"","") -> EP면학X | F22: =IFERROR(VLOOKUP(F20,'자율관 배정 R1'!$B:$F,5,FALSE)&"","") -> 기숙사 | J22: =IFERROR(VLOOKUP(J20,'자율관 배정 R1'!$B:$F,5,FALSE)&"","") -> EP면학X | K22: =IFERROR(VLOOKUP(K20,'자율관 배정 R1'!$B:$F,5,FALSE)&"","") -> 월화수목 | L22: =IFERROR(VLOOKUP(L20,'자율관 배정 R1'!$B:$F,5,FALSE)&"","") -> EP면학X | M22: =IFERROR(VLOOKUP(M20,'자율관 배정 R1'!$B:$F,5,FALSE)&"","") -> 기숙사 | S22: =IFERROR(VLOOKUP(S20,'자율관 배정 R1'!$B:$F,7,FALSE)&"","") | T22: =IFERROR(VLOOKUP(T20,'자율관 배정 R1'!$B:$F,5,FALSE)&"","") -> 기숙사 | U22: =IFERROR(VLOOKUP(U20,'자율관 배정 R1'!$B:$F,5,FALSE)&"","") -> 월화수목 | V22: =IFERROR(VLOOKUP(V20,'자율관 배정 R1'!$B:$F,5,FALSE)&"","") -> 기숙사 | AE22: =IFERROR(VLOOKUP(AE20,'자율관 배정 R1'!$B:$F,5,FALSE)&"","") -> 기숙사 | AF22: =IFERROR(VLOOKUP(AF20,'자율관 배정 R1'!$B:$F,5,FALSE)&"","") -> 월화수목
Q23: 출입문 | AB23: 출입문
A24: 2A123 | B24: =IFERROR(VLOOKUP(A24,'자율관 배정 R1'!$B:$F,3,FALSE)&"("&VLOOKUP(A24,'자율관 배정 R1'!$B:$E,2,FALSE)&")","") -> 최시원(9) | C24: =IFERROR(VLOOKUP(A24,'자율관 배정 R1'!$B:$F,5,FALSE)&"","") -> EP면학X | D24: =IFERROR(VLOOKUP(A24,'자율관 배정 R1'!$B:$G,8,FALSE)&"","") | F24: 2A122 | G24: 2A121 | H24: 2A120 | J24: 2A119 | K24: 2A118 | L24: 2A117 | M24: 2A116 | N24: 2A115 | O24: 2A114 | Q24: 출입문 | AB24: 출입문
A25: 2A124 | B25: =IFERROR(VLOOKUP(A25,'자율관 배정 R1'!$B:$F,3,FALSE)&"("&VLOOKUP(A25,'자율관 배정 R1'!$B:$E,2,FALSE)&")","") -> 이은성(11) | C25: =IFERROR(VLOOKUP(A25,'자율관 배정 R1'!$B:$F,5,FALSE)&"","") -> 기숙사 | D25: =IFERROR(VLOOKUP(A25,'자율관 배정 R1'!$B:$G,8,FALSE)&"","") | F25: =IFERROR(VLOOKUP(F24,'자율관 배정 R1'!$B:$F,3,FALSE)&"("&VLOOKUP(F24,'자율관 배정 R1'!$B:$E,2,FALSE)&")","") -> 강상원(11) | G25: =IFERROR(VLOOKUP(G24,'자율관 배정 R1'!$B:$F,3,FALSE)&"("&VLOOKUP(G24,'자율관 배정 R1'!$B:$E,2,FALSE)&")","") -> () | H25: =IFERROR(VLOOKUP(H24,'자율관 배정 R1'!$B:$F,3,FALSE)&"("&VLOOKUP(H24,'자율관 배정 R1'!$B:$E,2,FALSE)&")","") -> 황찬휘(10) | J25: =IFERROR(VLOOKUP(J24,'자율관 배정 R1'!$B:$F,3,FALSE)&"("&VLOOKUP(J24,'자율관 배정 R1'!$B:$E,2,FALSE)&")","") -> 이준서(9) | K25: =IFERROR(VLOOKUP(K24,'자율관 배정 R1'!$B:$F,3,FALSE)&"("&VLOOKUP(K24,'자율관 배정 R1'!$B:$E,2,FALSE)&")","") -> 이세준(10) | L25: =IFERROR(VLOOKUP(L24,'자율관 배정 R1'!$B:$F,3,FALSE)&"("&VLOOKUP(L24,'자율관 배정 R1'!$B:$E,2,FALSE)&")","") -> () | M25: =IFERROR(VLOOKUP(M24,'자율관 배정 R1'!$B:$F,3,FALSE)&"("&VLOOKUP(M24,'자율관 배정 R1'!$B:$E,2,FALSE)&")","") -> 전수현(9) | N25: =IFERROR(VLOOKUP(N24,'자율관 배정 R1'!$B:$F,3,FALSE)&"("&VLOOKUP(N24,'자율관 배정 R1'!$B:$E,2,FALSE)&")","") -> () | O25: =IFERROR(VLOOKUP(O24,'자율관 배정 R1'!$B:$F,3,FALSE)&"("&VLOOKUP(O24,'자율관 배정 R1'!$B:$E,2,FALSE)&")","") -> 박승호(9)
A26: 2A125 | B26: =IFERROR(VLOOKUP(A26,'자율관 배정 R1'!$B:$F,3,FALSE)&"("&VLOOKUP(A26,'자율관 배정 R1'!$B:$E,2,FALSE)&")","") -> 금성(10) | C26: =IFERROR(VLOOKUP(A26,'자율관 배정 R1'!$B:$F,5,FALSE)&"","") -> EP면학X | D26: =IFERROR(VLOOKUP(A26,'자율관 배정 R1'!$B:$G,8,FALSE)&"","") | F26: =IFERROR(VLOOKUP(F24,'자율관 배정 R1'!$B:$F,5,FALSE)&"","") -> 기숙사 | G26: =IFERROR(VLOOKUP(G24,'자율관 배정 R1'!$B:$F,5,FALSE)&"","") | H26: =IFERROR(VLOOKUP(H24,'자율관 배정 R1'!$B:$F,5,FALSE)&"","") -> EP면학X | J26: =IFERROR(VLOOKUP(J24,'자율관 배정 R1'!$B:$F,5,FALSE)&"","") -> EP면학X | K26: =IFERROR(VLOOKUP(K24,'자율관 배정 R1'!$B:$F,5,FALSE)&"","") -> 기숙사 | L26: =IFERROR(VLOOKUP(L24,'자율관 배정 R1'!$B:$F,5,FALSE)&"","") | M26: =IFERROR(VLOOKUP(M24,'자율관 배정 R1'!$B:$F,5,FALSE)&"","") -> 월화수목 | N26: =IFERROR(VLOOKUP(N24,'자율관 배정 R1'!$B:$F,5,FALSE)&"","") | O26: =IFERROR(VLOOKUP(O24,'자율관 배정 R1'!$B:$F,5,FALSE)&"","") -> 기숙사
A27: 2A126 | B27: =IFERROR(VLOOKUP(A27,'자율관 배정 R1'!$B:$F,3,FALSE)&"("&VLOOKUP(A27,'자율관 배정 R1'!$B:$E,2,FALSE)&")","") -> 장현진(11) | C27: =IFERROR(VLOOKUP(A27,'자율관 배정 R1'!$B:$F,5,FALSE)&"","") -> 기숙사 | D27: =IFERROR(VLOOKUP(A27,'자율관 배정 R1'!$B:$G,8,FALSE)&"","") | F27: 2A113 | G27: 2A112 | H27: 2A111 | J27: 2A110 | K27: 2A109 | L27: 2A108 | M27: 2A107 | N27: 2A106 | O27: 2A105 | R27: 좌석 수 | S27: 배정 수 | U27: 2D122 | V27: 2D121 | W27: 2D120 | X27: 2D119 | Y27: 2D118 | Z27: 2D117 | AB27: 2D116 | AC27: 2D115 | AD27: 2D114 | AE27: 2D113 | AF27: 2D112
A28: 2A127 | B28: =IFERROR(VLOOKUP(A28,'자율관 배정 R1'!$B:$F,3,FALSE)&"("&VLOOKUP(A28,'자율관 배정 R1'!$B:$E,2,FALSE)&")","") -> 김준휘(10) | C28: =IFERROR(VLOOKUP(A28,'자율관 배정 R1'!$B:$F,5,FALSE)&"","") -> EP면학X | D28: =IFERROR(VLOOKUP(A28,'자율관 배정 R1'!$B:$G,8,FALSE)&"","") | F28: =IFERROR(VLOOKUP(F27,'자율관 배정 R1'!$B:$F,3,FALSE)&"("&VLOOKUP(F27,'자율관 배정 R1'!$B:$E,2,FALSE)&")","") -> 한병훈(8) | G28: =IFERROR(VLOOKUP(G27,'자율관 배정 R1'!$B:$F,3,FALSE)&"("&VLOOKUP(G27,'자율관 배정 R1'!$B:$E,2,FALSE)&")","") -> 장성욱(8) | H28: =IFERROR(VLOOKUP(H27,'자율관 배정 R1'!$B:$F,3,FALSE)&"("&VLOOKUP(H27,'자율관 배정 R1'!$B:$E,2,FALSE)&")","") -> () | J28: =IFERROR(VLOOKUP(J27,'자율관 배정 R1'!$B:$F,3,FALSE)&"("&VLOOKUP(J27,'자율관 배정 R1'!$B:$E,2,FALSE)&")","") -> 이주형(8) | K28: =IFERROR(VLOOKUP(K27,'자율관 배정 R1'!$B:$F,3,FALSE)&"("&VLOOKUP(K27,'자율관 배정 R1'!$B:$E,2,FALSE)&")","") -> () | L28: =IFERROR(VLOOKUP(L27,'자율관 배정 R1'!$B:$F,3,FALSE)&"("&VLOOKUP(L27,'자율관 배정 R1'!$B:$E,2,FALSE)&")","") -> 박동빈(8) | M28: =IFERROR(VLOOKUP(M27,'자율관 배정 R1'!$B:$F,3,FALSE)&"("&VLOOKUP(M27,'자율관 배정 R1'!$B:$E,2,FALSE)&")","") -> () | N28: =IFERROR(VLOOKUP(N27,'자율관 배정 R1'!$B:$F,3,FALSE)&"("&VLOOKUP(N27,'자율관 배정 R1'!$B:$E,2,FALSE)&")","") -> 김동언(8) | O28: =IFERROR(VLOOKUP(O27,'자율관 배정 R1'!$B:$F,3,FALSE)&"("&VLOOKUP(O27,'자율관 배정 R1'!$B:$E,2,FALSE)&")","") -> 윤재혁(8) | Q28: A | R28: =COUNTA(A24:A62,F55:H55,E73:N73,J51:O51,F52:H52,F24:O24,F62:H62,F59:O59,F31:O31,F34:O34,F48:O48,F38:N38,F69:O69,F41:N41,F45:H45,J56:O56,F27:O27,F66:O66) -> 144 | S28: =COUNTA(B24:B62,F56:H56,E74:N74,J52:O52,F53:H53,AJ16F29:F25:O25,F63:H63,F60:O60,F32:O32,F35:O35,F49:O49,F39:N39,F70:O70,F42:N42,F46:H46,J57:O57,F28:O28,F67:O67) -> 141 | U28: =IFERROR(VLOOKUP(U27,'자율관 배정 R1'!$B:$F,3,FALSE)&"("&VLOOKUP(U27,'자율관 배정 R1'!$B:$E,2,FALSE)&")","") -> 안세은(4) | V28: =IFERROR(VLOOKUP(V27,'자율관 배정 R1'!$B:$F,3,FALSE)&"("&VLOOKUP(V27,'자율관 배정 R1'!$B:$E,2,FALSE)&")","") -> 김나경(6) | W28: =IFERROR(VLOOKUP(W27,'자율관 배정 R1'!$B:$F,3,FALSE)&"("&VLOOKUP(W27,'자율관 배정 R1'!$B:$E,2,FALSE)&")","") -> 안연수(4) | X28: =IFERROR(VLOOKUP(X27,'자율관 배정 R1'!$B:$F,3,FALSE)&"("&VLOOKUP(X27,'자율관 배정 R1'!$B:$E,2,FALSE)&")","") -> 김윤영(5) | Y28: =IFERROR(VLOOKUP(Y27,'자율관 배정 R1'!$B:$F,3,FALSE)&"("&VLOOKUP(Y27,'자율관 배정 R1'!$B:$E,2,FALSE)&")","") -> 이수진(4) | Z28: =IFERROR(VLOOKUP(Z27,'자율관 배정 R1'!$B:$F,3,FALSE)&"("&VLOOKUP(Z27,'자율관 배정 R1'!$B:$E,2,FALSE)&")","") -> 신서연(5) | AB28: =IFERROR(VLOOKUP(AB27,'자율관 배정 R1'!$B:$F,3,FALSE)&"("&VLOOKUP(AB27,'자율관 배정 R1'!$B:$E,2,FALSE)&")","") -> 조은빈(4) | AC28: =IFERROR(VLOOKUP(AC27,'자율관 배정 R1'!$B:$F,3,FALSE)&"("&VLOOKUP(AC27,'자율관 배정 R1'!$B:$E,2,FALSE)&")","") -> 안소윤(5) | AD28: =IFERROR(VLOOKUP(AD27,'자율관 배정 R1'!$B:$F,3,FALSE)&"("&VLOOKUP(AD27,'자율관 배정 R1'!$B:$E,2,FALSE)&")","") -> 진채영(4) | AE28: =IFERROR(VLOOKUP(AE27,'자율관 배정 R1'!$B:$F,3,FALSE)&"("&VLOOKUP(AE27,'자율관 배정 R1'!$B:$E,2,FALSE)&")","") -> 우희승(5) | AF28: =IFERROR(VLOOKUP(AF27,'자율관 배정 R1'!$B:$F,3,FALSE)&"("&VLOOKUP(AF27,'자율관 배정 R1'!$B:$E,2,FALSE)&")","") -> 하다희(4)
A29: 2A128 | B29: =IFERROR(VLOOKUP(A29,'자율관 배정 R1'!$B:$F,3,FALSE)&"("&VLOOKUP(A29,'자율관 배정 R1'!$B:$E,2,FALSE)&")","") -> 곽형원(12) | C29: =IFERROR(VLOOKUP(A29,'자율관 배정 R1'!$B:$F,5,FALSE)&"","") -> 기숙사 | D29: =IFERROR(VLOOKUP(A29,'자율관 배정 R1'!$B:$G,8,FALSE)&"","") | F29: =IFERROR(VLOOKUP(F27,'자율관 배정 R1'!$B:$F,5,FALSE)&"","") -> 월화목 | G29: =IFERROR(VLOOKUP(G27,'자율관 배정 R1'!$B:$F,5,FALSE)&"","") -> 기숙사 | H29: =IFERROR(VLOOKUP(H27,'자율관 배정 R1'!$B:$F,5,FALSE)&"","") | J29: =IFERROR(VLOOKUP(J27,'자율관 배정 R1'!$B:$F,5,FALSE)&"","") -> 기숙사 | K29: =IFERROR(VLOOKUP(K27,'자율관 배정 R1'!$B:$F,5,FALSE)&"","") | L29: =IFERROR(VLOOKUP(L27,'자율관 배정 R1'!$B:$F,5,FALSE)&"","") -> 기숙사 | M29: =IFERROR(VLOOKUP(M27,'자율관 배정 R1'!$B:$F,5,FALSE)&"","") | N29: =IFERROR(VLOOKUP(N27,'자율관 배정 R1'!$B:$F,5,FALSE)&"","") -> 기숙사 | O29: =IFERROR(VLOOKUP(O27,'자율관 배정 R1'!$B:$F,5,FALSE)&"","") -> EP면학X | Q29: B | R29: =COUNTA(A6:U6,A9:U9,A13:U13,A16:U16,A20:V20) -> 80 | S29: =COUNTA(A7:U7,A10:U10,A14:U14,A17:U17,A21:M21) -> 77 | U29: =IFERROR(VLOOKUP(U27,'자율관 배정 R1'!$B:$F,5,FALSE)&"","") -> EP면학X | V29: =IFERROR(VLOOKUP(V27,'자율관 배정 R1'!$B:$F,5,FALSE)&"","") -> EP면학X | W29: =IFERROR(VLOOKUP(W27,'자율관 배정 R1'!$B:$F,5,FALSE)&"","") -> EP면학X | X29: =IFERROR(VLOOKUP(X27,'자율관 배정 R1'!$B:$F,5,FALSE)&"","") -> EP면학X | Y29: =IFERROR(VLOOKUP(Y27,'자율관 배정 R1'!$B:$F,5,FALSE)&"","") -> 기숙사 | Z29: =IFERROR(VLOOKUP(Z27,'자율관 배정 R1'!$B:$F,5,FALSE)&"","") -> EP면학X | AB29: =IFERROR(VLOOKUP(AB27,'자율관 배정 R1'!$B:$F,5,FALSE)&"","") -> 기숙사 | AC29: =IFERROR(VLOOKUP(AC27,'자율관 배정 R1'!$B:$F,5,FALSE)&"","") -> EP면학X | AD29: =IFERROR(VLOOKUP(AD27,'자율관 배정 R1'!$B:$F,5,FALSE)&"","") -> EP면학X | AE29: =IFERROR(VLOOKUP(AE27,'자율관 배정 R1'!$B:$F,5,FALSE)&"","") -> EP면학X | AF29: =IFERROR(VLOOKUP(AF27,'자율관 배정 R1'!$B:$F,5,FALSE)&"","") -> 월화수목
A30: 2A129 | B30: =IFERROR(VLOOKUP(A30,'자율관 배정 R1'!$B:$F,3,FALSE)&"("&VLOOKUP(A30,'자율관 배정 R1'!$B:$E,2,FALSE)&")","") -> 서장협(10) | C30: =IFERROR(VLOOKUP(A30,'자율관 배정 R1'!$B:$F,5,FALSE)&"","") -> EP면학X | D30: =IFERROR(VLOOKUP(A30,'자율관 배정 R1'!$B:$G,8,FALSE)&"","") | Q30: C | R30: =COUNTA(X6:AF6,X9:AF9,X13:AF13,X16:AF16,AE20:AF20) -> 34 | S30: =COUNTA(X7:AF7,X10:AF10,X14:AF14,X17:AF17,AE21:AF21) -> 34 | T30: 출 입 문 | U30: 2D111 | V30: 2D110 | W30: 2D109 | X30: 2D108 | Y30: 2D107 | Z30: 2D106 | AB30: 2D105 | AC30: 2D104 | AD30: 2D103 | AE30: 2D102 | AF30: 2D101
A31: 2A130 | B31: =IFERROR(VLOOKUP(A31,'자율관 배정 R1'!$B:$F,3,FALSE)&"("&VLOOKUP(A31,'자율관 배정 R1'!$B:$E,2,FALSE)&")","") -> 김시우(12) | C31: =IFERROR(VLOOKUP(A31,'자율관 배정 R1'!$B:$F,5,FALSE)&"","") -> 기숙사 | D31: =IFERROR(VLOOKUP(A31,'자율관 배정 R1'!$B:$G,8,FALSE)&"","") | F31: 2A104 | G31: 2A103 | H31: 2A102 | J31: 2A101 | K31: 2A100 | L31: 2A099 | M31: 2A098 | N31: 2A097 | O31: 2A096 | Q31: D | R31: =COUNTA(U44:AF44,U41:AF41,U30:AF30,U37:AF37,U27:AF27,U48:AF48,U51:AF51,U34:AF34,U58:AF58,U55:AF55,V62:AF62,Z65,AB65:AF65) -> 123 | S31: =COUNTA(U45:AF45,U42:AF42,U31:AF31,U38:AF38,U28:AF28,U49:AF49,U52:AF52,U35:AF35,U59:AF59,U56:AF56,V63:AF63,Z66:AF66) -> 123 | U31: =IFERROR(VLOOKUP(U30,'자율관 배정 R1'!$B:$F,3,FALSE)&"("&VLOOKUP(U30,'자율관 배정 R1'!$B:$E,2,FALSE)&")","") -> 김래은(6) | V31: =IFERROR(VLOOKUP(V30,'자율관 배정 R1'!$B:$F,3,FALSE)&"("&VLOOKUP(V30,'자율관 배정 R1'!$B:$E,2,FALSE)&")","") -> 황은채(4) | W31: =IFERROR(VLOOKUP(W30,'자율관 배정 R1'!$B:$F,3,FALSE)&"("&VLOOKUP(W30,'자율관 배정 R1'!$B:$E,2,FALSE)&")","") -> 김보민(6) | X31: =IFERROR(VLOOKUP(X30,'자율관 배정 R1'!$B:$F,3,FALSE)&"("&VLOOKUP(X30,'자율관 배정 R1'!$B:$E,2,FALSE)&")","") -> 김아현(5) | Y31: =IFERROR(VLOOKUP(Y30,'자율관 배정 R1'!$B:$F,3,FALSE)&"("&VLOOKUP(Y30,'자율관 배정 R1'!$B:$E,2,FALSE)&")","") -> 김서연(6) | Z31: =IFERROR(VLOOKUP(Z30,'자율관 배정 R1'!$B:$F,3,FALSE)&"("&VLOOKUP(Z30,'자율관 배정 R1'!$B:$E,2,FALSE)&")","") -> 변채은(5) | AB31: =IFERROR(VLOOKUP(AB30,'자율관 배정 R1'!$B:$F,3,FALSE)&"("&VLOOKUP(AB30,'자율관 배정 R1'!$B:$E,2,FALSE)&")","") -> 김예은(6) | AC31: =IFERROR(VLOOKUP(AC30,'자율관 배정 R1'!$B:$F,3,FALSE)&"("&VLOOKUP(AC30,'자율관 배정 R1'!$B:$E,2,FALSE)&")","") -> 원지현(5) | AD31: =IFERROR(VLOOKUP(AD30,'자율관 배정 R1'!$B:$F,3,FALSE)&"("&VLOOKUP(AD30,'자율관 배정 R1'!$B:$E,2,FALSE)&")","") -> 김유민(6) | AE31: =IFERROR(VLOOKUP(AE30,'자율관 배정 R1'!$B:$F,3,FALSE)&"("&VLOOKUP(AE30,'자율관 배정 R1'!$B:$E,2,FALSE)&")","") -> 최수정(5) | AF31: =IFERROR(VLOOKUP(AF30,'자율관 배정 R1'!$B:$F,3,FALSE)&"("&VLOOKUP(AF30,'자율관 배정 R1'!$B:$E,2,FALSE)&")","") -> 신유희(6)
A32: 2A131 | B32: =IFERROR(VLOOKUP(A32,'자율관 배정 R1'!$B:$F,3,FALSE)&"("&VLOOKUP(A32,'자율관 배정 R1'!$B:$E,2,FALSE)&")","") -> 이정우(10) | C32: =IFERROR(VLOOKUP(A32,'자율관 배정 R1'!$B:$F,5,FALSE)&"","") -> EP면학X | D32: =IFERROR(VLOOKUP(A32,'자율관 배정 R1'!$B:$G,8,FALSE)&"","") | F32: =IFERROR(VLOOKUP(F31,'자율관 배정 R1'!$B:$F,3,FALSE)&"("&VLOOKUP(F31,'자율관 배정 R1'!$B:$E,2,FALSE)&")","") -> 강은혁(8) | G32: =IFERROR(VLOOKUP(G31,'자율관 배정 R1'!$B:$F,3,FALSE)&"("&VLOOKUP(G31,'자율관 배정 R1'!$B:$E,2,FALSE)&")","") -> () | H32: =IFERROR(VLOOKUP(H31,'자율관 배정 R1'!$B:$F,3,FALSE)&"("&VLOOKUP(H31,'자율관 배정 R1'!$B:$E,2,FALSE)&")","") -> 최영운(7) | J32: =IFERROR(VLOOKUP(J31,'자율관 배정 R1'!$B:$F,3,FALSE)&"("&VLOOKUP(J31,'자율관 배정 R1'!$B:$E,2,FALSE)&")","") -> 선규민(8) | K32: =IFERROR(VLOOKUP(K31,'자율관 배정 R1'!$B:$F,3,FALSE)&"("&VLOOKUP(K31,'자율관 배정 R1'!$B:$E,2,FALSE)&")","") -> 최동혁(7) | L32: =IFERROR(VLOOKUP(L31,'자율관 배정 R1'!$B:$F,3,FALSE)&"("&VLOOKUP(L31,'자율관 배정 R1'!$B:$E,2,FALSE)&")","") -> () | M32: =IFERROR(VLOOKUP(M31,'자율관 배정 R1'!$B:$F,3,FALSE)&"("&VLOOKUP(M31,'자율관 배정 R1'!$B:$E,2,FALSE)&")","") -> 이윤서(7) | N32: =IFERROR(VLOOKUP(N31,'자율관 배정 R1'!$B:$F,3,FALSE)&"("&VLOOKUP(N31,'자율관 배정 R1'!$B:$E,2,FALSE)&")","") -> () | O32: =IFERROR(VLOOKUP(O31,'자율관 배정 R1'!$B:$F,3,FALSE)&"("&VLOOKUP(O31,'자율관 배정 R1'!$B:$E,2,FALSE)&")","") -> 윤찬빈(7) | Q32: 계 | R32: =SUM(R28:R31) -> 381 | S32: =SUM(S28:S31) -> 375 | U32: =IFERROR(VLOOKUP(U30,'자율관 배정 R1'!$B:$F,5,FALSE)&"","") -> EP면학X | V32: =IFERROR(VLOOKUP(V30,'자율관 배정 R1'!$B:$F,5,FALSE)&"","") -> 기숙사 | W32: =IFERROR(VLOOKUP(W30,'자율관 배정 R1'!$B:$F,5,FALSE)&"","") -> EP면학X | X32: =IFERROR(VLOOKUP(X30,'자율관 배정 R1'!$B:$F,5,FALSE)&"","") -> 기숙사 | Y32: =IFERROR(VLOOKUP(Y30,'자율관 배정 R1'!$B:$F,5,FALSE)&"","") -> EP면학X | Z32: =IFERROR(VLOOKUP(Z30,'자율관 배정 R1'!$B:$F,5,FALSE)&"","") -> 기숙사 | AB32: =IFERROR(VLOOKUP(AB30,'자율관 배정 R1'!$B:$F,5,FALSE)&"","") -> 월화수목 | AC32: =IFERROR(VLOOKUP(AC30,'자율관 배정 R1'!$B:$F,5,FALSE)&"","") -> EP면학X | AD32: =IFERROR(VLOOKUP(AD30,'자율관 배정 R1'!$B:$F,5,FALSE)&"","") -> EP면학X | AE32: =IFERROR(VLOOKUP(AE30,'자율관 배정 R1'!$B:$F,5,FALSE)&"","") -> 월화수목 | AF32: =IFERROR(VLOOKUP(AF30,'자율관 배정 R1'!$B:$F,5,FALSE)&"","") -> EP면학X
C33: =IFERROR(VLOOKUP(A33,'자율관 배정 R1'!$B:$F,7,FALSE)&"","") | D33: =IFERROR(VLOOKUP(A33,'자율관 배정 R1'!$B:$G,8,FALSE)&"","") | F33: =IFERROR(VLOOKUP(F31,'자율관 배정 R1'!$B:$F,5,FALSE)&"","") -> 기숙사 | G33: =IFERROR(VLOOKUP(G31,'자율관 배정 R1'!$B:$F,5,FALSE)&"","") | H33: =IFERROR(VLOOKUP(H31,'자율관 배정 R1'!$B:$F,5,FALSE)&"","") -> 기숙사 | J33: =IFERROR(VLOOKUP(J31,'자율관 배정 R1'!$B:$F,5,FALSE)&"","") -> EP면학X | K33: =IFERROR(VLOOKUP(K31,'자율관 배정 R1'!$B:$F,5,FALSE)&"","") -> 월화수목 | L33: =IFERROR(VLOOKUP(L31,'자율관 배정 R1'!$B:$F,5,FALSE)&"","") | M33: =IFERROR(VLOOKUP(M31,'자율관 배정 R1'!$B:$F,5,FALSE)&"","") -> 화수목 | N33: =IFERROR(VLOOKUP(N31,'자율관 배정 R1'!$B:$F,5,FALSE)&"","") | O33: =IFERROR(VLOOKUP(O31,'자율관 배정 R1'!$B:$F,5,FALSE)&"","") -> 기숙사
C34: =IFERROR(VLOOKUP(A34,'자율관 배정 R1'!$B:$F,7,FALSE)&"","") | D34: =IFERROR(VLOOKUP(A34,'자율관 배정 R1'!$B:$G,8,FALSE)&"","") | F34: 2A095 | G34: 2A094 | H34: 2A093 | J34: 2A092 | K34: 2A091 | L34: 2A090 | M34: 2A089 | N34: 2A088 | O34: 2A087 | U34: 2D100 | V34: 2D099 | W34: 2D098 | X34: 2D097 | Y34: 2D096 | Z34: 2D095 | AB34: 2D094 | AC34: 2D093 | AD34: 2D092 | AE34: 2D091 | AF34: 2D090 | AG34: =IFERROR(VLOOKUP(AG32,'자율관 배정 R1'!$B:$G,8,FALSE)&"","")
C35: =IFERROR(VLOOKUP(A35,'자율관 배정 R1'!$B:$F,7,FALSE)&"","") | D35: =IFERROR(VLOOKUP(A35,'자율관 배정 R1'!$B:$G,8,FALSE)&"","") | F35: =IFERROR(VLOOKUP(F34,'자율관 배정 R1'!$B:$F,3,FALSE)&"("&VLOOKUP(F34,'자율관 배정 R1'!$B:$E,2,FALSE)&")","") -> 구본욱(8) | G35: =IFERROR(VLOOKUP(G34,'자율관 배정 R1'!$B:$F,3,FALSE)&"("&VLOOKUP(G34,'자율관 배정 R1'!$B:$E,2,FALSE)&")","") -> 손민준(7) | H35: =IFERROR(VLOOKUP(H34,'자율관 배정 R1'!$B:$F,3,FALSE)&"("&VLOOKUP(H34,'자율관 배정 R1'!$B:$E,2,FALSE)&")","") -> () | J35: =IFERROR(VLOOKUP(J34,'자율관 배정 R1'!$B:$F,3,FALSE)&"("&VLOOKUP(J34,'자율관 배정 R1'!$B:$E,2,FALSE)&")","") -> 박찬빈(7) | K35: =IFERROR(VLOOKUP(K34,'자율관 배정 R1'!$B:$F,3,FALSE)&"("&VLOOKUP(K34,'자율관 배정 R1'!$B:$E,2,FALSE)&")","") -> () | L35: =IFERROR(VLOOKUP(L34,'자율관 배정 R1'!$B:$F,3,FALSE)&"("&VLOOKUP(L34,'자율관 배정 R1'!$B:$E,2,FALSE)&")","") -> 김민석(7) | M35: =IFERROR(VLOOKUP(M34,'자율관 배정 R1'!$B:$F,3,FALSE)&"("&VLOOKUP(M34,'자율관 배정 R1'!$B:$E,2,FALSE)&")","") -> () | N35: =IFERROR(VLOOKUP(N34,'자율관 배정 R1'!$B:$F,3,FALSE)&"("&VLOOKUP(N34,'자율관 배정 R1'!$B:$E,2,FALSE)&")","") -> 이지호(6) | O35: =IFERROR(VLOOKUP(O34,'자율관 배정 R1'!$B:$F,3,FALSE)&"("&VLOOKUP(O34,'자율관 배정 R1'!$B:$E,2,FALSE)&")","") -> 한서준(7) | Q35: 출 입 문 | U35: =IFERROR(VLOOKUP(U34,'자율관 배정 R1'!$B:$F,3,FALSE)&"("&VLOOKUP(U34,'자율관 배정 R1'!$B:$E,2,FALSE)&")","") -> 최여울(5) | V35: =IFERROR(VLOOKUP(V34,'자율관 배정 R1'!$B:$F,3,FALSE)&"("&VLOOKUP(V34,'자율관 배정 R1'!$B:$E,2,FALSE)&")","") -> 양현서(6) | W35: =IFERROR(VLOOKUP(W34,'자율관 배정 R1'!$B:$F,3,FALSE)&"("&VLOOKUP(W34,'자율관 배정 R1'!$B:$E,2,FALSE)&")","") -> 홍유정(5) | X35: =IFERROR(VLOOKUP(X34,'자율관 배정 R1'!$B:$F,3,FALSE)&"("&VLOOKUP(X34,'자율관 배정 R1'!$B:$E,2,FALSE)&")","") -> 조은진(6) | Y35: =IFERROR(VLOOKUP(Y34,'자율관 배정 R1'!$B:$F,3,FALSE)&"("&VLOOKUP(Y34,'자율관 배정 R1'!$B:$E,2,FALSE)&")","") -> 강희주(6) | Z35: =IFERROR(VLOOKUP(Z34,'자율관 배정 R1'!$B:$F,3,FALSE)&"("&VLOOKUP(Z34,'자율관 배정 R1'!$B:$E,2,FALSE)&")","") -> 최지우(6) | AB35: =IFERROR(VLOOKUP(AB34,'자율관 배정 R1'!$B:$F,3,FALSE)&"("&VLOOKUP(AB34,'자율관 배정 R1'!$B:$E,2,FALSE)&")","") -> 류영주(7) | AC35: =IFERROR(VLOOKUP(AC34,'자율관 배정 R1'!$B:$F,3,FALSE)&"("&VLOOKUP(AC34,'자율관 배정 R1'!$B:$E,2,FALSE)&")","") -> 권라희(7) | AD35: =IFERROR(VLOOKUP(AD34,'자율관 배정 R1'!$B:$F,3,FALSE)&"("&VLOOKUP(AD34,'자율관 배정 R1'!$B:$E,2,FALSE)&")","") -> 이윤주(7) | AE35: =IFERROR(VLOOKUP(AE34,'자율관 배정 R1'!$B:$F,3,FALSE)&"("&VLOOKUP(AE34,'자율관 배정 R1'!$B:$E,2,FALSE)&")","") -> 김솔(7) | AF35: =IFERROR(VLOOKUP(AF34,'자율관 배정 R1'!$B:$F,3,FALSE)&"("&VLOOKUP(AF34,'자율관 배정 R1'!$B:$E,2,FALSE)&")","") -> 김수빈(8)
C36: =IFERROR(VLOOKUP(A36,'자율관 배정 R1'!$B:$F,7,FALSE)&"","") | D36: =IFERROR(VLOOKUP(A36,'자율관 배정 R1'!$B:$G,8,FALSE)&"","") | F36: =IFERROR(VLOOKUP(F34,'자율관 배정 R1'!$B:$F,5,FALSE)&"","") -> EP면학X | G36: =IFERROR(VLOOKUP(G34,'자율관 배정 R1'!$B:$F,5,FALSE)&"","") -> 기숙사 | H36: =IFERROR(VLOOKUP(H34,'자율관 배정 R1'!$B:$F,5,FALSE)&"","") | J36: =IFERROR(VLOOKUP(J34,'자율관 배정 R1'!$B:$F,5,FALSE)&"","") -> 기숙사 | K36: =IFERROR(VLOOKUP(K34,'자율관 배정 R1'!$B:$F,5,FALSE)&"","") | L36: =IFERROR(VLOOKUP(L34,'자율관 배정 R1'!$B:$F,5,FALSE)&"","") -> 기숙사 | M36: =IFERROR(VLOOKUP(M34,'자율관 배정 R1'!$B:$F,5,FALSE)&"","") | N36: =IFERROR(VLOOKUP(N34,'자율관 배정 R1'!$B:$F,5,FALSE)&"","") -> 기숙사 | O36: =IFERROR(VLOOKUP(O34,'자율관 배정 R1'!$B:$F,5,FALSE)&"","") -> EP면학X | U36: =IFERROR(VLOOKUP(U34,'자율관 배정 R1'!$B:$F,5,FALSE)&"","") -> EP면학X | V36: =IFERROR(VLOOKUP(V34,'자율관 배정 R1'!$B:$F,5,FALSE)&"","") -> EP면학X | W36: =IFERROR(VLOOKUP(W34,'자율관 배정 R1'!$B:$F,5,FALSE)&"","") -> 월화수목 | X36: =IFERROR(VLOOKUP(X34,'자율관 배정 R1'!$B:$F,5,FALSE)&"","") -> EP면학X | Y36: =IFERROR(VLOOKUP(Y34,'자율관 배정 R1'!$B:$F,5,FALSE)&"","") -> 월화수목 | Z36: =IFERROR(VLOOKUP(Z34,'자율관 배정 R1'!$B:$F,5,FALSE)&"","") -> EP면학X | AB36: =IFERROR(VLOOKUP(AB34,'자율관 배정 R1'!$B:$F,5,FALSE)&"","") -> 월화수목 | AC36: =IFERROR(VLOOKUP(AC34,'자율관 배정 R1'!$B:$F,5,FALSE)&"","") -> EP면학X | AD36: =IFERROR(VLOOKUP(AD34,'자율관 배정 R1'!$B:$F,5,FALSE)&"","") -> 기숙사 | AE36: =IFERROR(VLOOKUP(AE34,'자율관 배정 R1'!$B:$F,5,FALSE)&"","") -> EP면학X | AF36: =IFERROR(VLOOKUP(AF34,'자율관 배정 R1'!$B:$F,5,FALSE)&"","") -> 기숙사
C37: =IFERROR(VLOOKUP(A37,'자율관 배정 R1'!$B:$F,7,FALSE)&"","") | D37: =IFERROR(VLOOKUP(A37,'자율관 배정 R1'!$B:$G,8,FALSE)&"","") | U37: 2D089 | V37: 2D088 | W37: 2D087 | X37: 2D086 | Y37: 2D085 | Z37: 2D084 | AB37: 2D083 | AE37: 2D082 | AF37: 2D081
C38: =IFERROR(VLOOKUP(A38,'자율관 배정 R1'!$B:$F,7,FALSE)&"","") | D38: =IFERROR(VLOOKUP(A38,'자율관 배정 R1'!$B:$G,8,FALSE)&"","") | F38: 2A086 | G38: 2A085 | H38: 2A084 | K38: 2A083 | L38: 2A082 | M38: 2A081 | N38: 2A080 | U38: =IFERROR(VLOOKUP(U37,'자율관 배정 R1'!$B:$F,3,FALSE)&"("&VLOOKUP(U37,'자율관 배정 R1'!$B:$E,2,FALSE)&")","") -> 김지예(7) | V38: =IFERROR(VLOOKUP(V37,'자율관 배정 R1'!$B:$F,3,FALSE)&"("&VLOOKUP(V37,'자율관 배정 R1'!$B:$E,2,FALSE)&")","") -> 김하은(8) | W38: =IFERROR(VLOOKUP(W37,'자율관 배정 R1'!$B:$F,3,FALSE)&"("&VLOOKUP(W37,'자율관 배정 R1'!$B:$E,2,FALSE)&")","") -> 박세연(7) | X38: =IFERROR(VLOOKUP(X37,'자율관 배정 R1'!$B:$F,3,FALSE)&"("&VLOOKUP(X37,'자율관 배정 R1'!$B:$E,2,FALSE)&")","") -> 안지현(8) | Y38: =IFERROR(VLOOKUP(Y37,'자율관 배정 R1'!$B:$F,3,FALSE)&"("&VLOOKUP(Y37,'자율관 배정 R1'!$B:$E,2,FALSE)&")","") -> 이다연(7) | Z38: =IFERROR(VLOOKUP(Z37,'자율관 배정 R1'!$B:$F,3,FALSE)&"("&VLOOKUP(Z37,'자율관 배정 R1'!$B:$E,2,FALSE)&")","") -> 양채원(8) | AB38: =IFERROR(VLOOKUP(AB37,'자율관 배정 R1'!$B:$F,3,FALSE)&"("&VLOOKUP(AB37,'자율관 배정 R1'!$B:$E,2,FALSE)&")","") -> 정혜원(7) | AE38: =IFERROR(VLOOKUP(AE37,'자율관 배정 R1'!$B:$F,3,FALSE)&"("&VLOOKUP(AE37,'자율관 배정 R1'!$B:$E,2,FALSE)&")","") -> 장서현(8) | AF38: =IFERROR(VLOOKUP(AF37,'자율관 배정 R1'!$B:$F,3,FALSE)&"("&VLOOKUP(AF37,'자율관 배정 R1'!$B:$E,2,FALSE)&")","") -> 최은서(7)
C39: =IFERROR(VLOOKUP(A39,'자율관 배정 R1'!$B:$F,7,FALSE)&"","") | D39: =IFERROR(VLOOKUP(A39,'자율관 배정 R1'!$B:$G,8,FALSE)&"","") | F39: =IFERROR(VLOOKUP(F38,'자율관 배정 R1'!$B:$F,3,FALSE)&"("&VLOOKUP(F38,'자율관 배정 R1'!$B:$E,2,FALSE)&")","") -> 이송현(6) | G39: =IFERROR(VLOOKUP(G38,'자율관 배정 R1'!$B:$F,3,FALSE)&"("&VLOOKUP(G38,'자율관 배정 R1'!$B:$E,2,FALSE)&")","") -> () | H39: =IFERROR(VLOOKUP(H38,'자율관 배정 R1'!$B:$F,3,FALSE)&"("&VLOOKUP(H38,'자율관 배정 R1'!$B:$E,2,FALSE)&")","") -> 오민석(6) | K39: =IFERROR(VLOOKUP(K38,'자율관 배정 R1'!$B:$F,3,FALSE)&"("&VLOOKUP(K38,'자율관 배정 R1'!$B:$E,2,FALSE)&")","") -> 장민훈(7) | L39: =IFERROR(VLOOKUP(L38,'자율관 배정 R1'!$B:$F,3,FALSE)&"("&VLOOKUP(L38,'자율관 배정 R1'!$B:$E,2,FALSE)&")","") -> 신현서(6) | M39: =IFERROR(VLOOKUP(M38,'자율관 배정 R1'!$B:$F,3,FALSE)&"("&VLOOKUP(M38,'자율관 배정 R1'!$B:$E,2,FALSE)&")","") -> () | N39: =IFERROR(VLOOKUP(N38,'자율관 배정 R1'!$B:$F,3,FALSE)&"("&VLOOKUP(N38,'자율관 배정 R1'!$B:$E,2,FALSE)&")","") -> 손이동(6) | U39: =IFERROR(VLOOKUP(U37,'자율관 배정 R1'!$B:$F,5,FALSE)&"","") -> EP면학X | V39: =IFERROR(VLOOKUP(V37,'자율관 배정 R1'!$B:$F,5,FALSE)&"","") -> 기숙사 | W39: =IFERROR(VLOOKUP(W37,'자율관 배정 R1'!$B:$F,5,FALSE)&"","") -> EP면학X | X39: =IFERROR(VLOOKUP(X37,'자율관 배정 R1'!$B:$F,5,FALSE)&"","") -> EP면학X | Y39: =IFERROR(VLOOKUP(Y37,'자율관 배정 R1'!$B:$F,5,FALSE)&"","") -> 화수목 | Z39: =IFERROR(VLOOKUP(Z37,'자율관 배정 R1'!$B:$F,5,FALSE)&"","") -> 기숙사 | AB39: =IFERROR(VLOOKUP(AB37,'자율관 배정 R1'!$B:$F,5,FALSE)&"","") -> EP면학X | AE39: =IFERROR(VLOOKUP(AE37,'자율관 배정 R1'!$B:$F,5,FALSE)&"","") -> 기숙사 | AF39: =IFERROR(VLOOKUP(AF37,'자율관 배정 R1'!$B:$F,5,FALSE)&"","") -> EP면학X
C40: =IFERROR(VLOOKUP(A40,'자율관 배정 R1'!$B:$F,7,FALSE)&"","") | D40: =IFERROR(VLOOKUP(A40,'자율관 배정 R1'!$B:$G,8,FALSE)&"","") | F40: =IFERROR(VLOOKUP(F38,'자율관 배정 R1'!$B:$F,5,FALSE)&"","") -> 기숙사 | G40: =IFERROR(VLOOKUP(G38,'자율관 배정 R1'!$B:$F,5,FALSE)&"","") | H40: =IFERROR(VLOOKUP(H38,'자율관 배정 R1'!$B:$F,5,FALSE)&"","") -> 기숙사 | K40: =IFERROR(VLOOKUP(K38,'자율관 배정 R1'!$B:$F,5,FALSE)&"","") -> EP면학X | L40: =IFERROR(VLOOKUP(L38,'자율관 배정 R1'!$B:$F,5,FALSE)&"","") -> 월화수목 | M40: =IFERROR(VLOOKUP(M38,'자율관 배정 R1'!$B:$F,5,FALSE)&"","") | N40: =IFERROR(VLOOKUP(N38,'자율관 배정 R1'!$B:$F,5,FALSE)&"","") -> EP면학X
C41: =IFERROR(VLOOKUP(A41,'자율관 배정 R1'!$B:$F,7,FALSE)&"","") | D41: =IFERROR(VLOOKUP(A41,'자율관 배정 R1'!$B:$G,8,FALSE)&"","") | F41: 2A079 | G41: 2A078 | H41: 2A077 | K41: 2A076 | L41: 2A075 | M41: 2A074 | N41: 2A073 | U41: 2D080 | V41: 2D079 | W41: 2D078 | X41: 2D077 | Y41: 2D076 | Z41: 2D075 | AB41: 2D074 | AC41: 2D073 | AD41: 2D072 | AE41: 2D071 | AF41: 2D070
C42: =IFERROR(VLOOKUP(A42,'자율관 배정 R1'!$B:$F,7,FALSE)&"","") | D42: =IFERROR(VLOOKUP(A42,'자율관 배정 R1'!$B:$G,8,FALSE)&"","") | F42: =IFERROR(VLOOKUP(F41,'자율관 배정 R1'!$B:$F,3,FALSE)&"("&VLOOKUP(F41,'자율관 배정 R1'!$B:$E,2,FALSE)&")","") -> 박상훈(7) | G42: =IFERROR(VLOOKUP(G41,'자율관 배정 R1'!$B:$F,3,FALSE)&"("&VLOOKUP(G41,'자율관 배정 R1'!$B:$E,2,FALSE)&")","") -> 방재원(6) | H42: =IFERROR(VLOOKUP(H41,'자율관 배정 R1'!$B:$F,3,FALSE)&"("&VLOOKUP(H41,'자율관 배정 R1'!$B:$E,2,FALSE)&")","") -> () | K42: =IFERROR(VLOOKUP(K41,'자율관 배정 R1'!$B:$F,3,FALSE)&"("&VLOOKUP(K41,'자율관 배정 R1'!$B:$E,2,FALSE)&")","") -> 김형우(6) | L42: =IFERROR(VLOOKUP(L41,'자율관 배정 R1'!$B:$F,3,FALSE)&"("&VLOOKUP(L41,'자율관 배정 R1'!$B:$E,2,FALSE)&")","") -> () | M42: =IFERROR(VLOOKUP(M41,'자율관 배정 R1'!$B:$F,3,FALSE)&"("&VLOOKUP(M41,'자율관 배정 R1'!$B:$E,2,FALSE)&")","") -> 주한재(5) | N42: =IFERROR(VLOOKUP(N41,'자율관 배정 R1'!$B:$F,3,FALSE)&"("&VLOOKUP(N41,'자율관 배정 R1'!$B:$E,2,FALSE)&")","") -> 국건(7) | U42: =IFERROR(VLOOKUP(U41,'자율관 배정 R1'!$B:$F,3,FALSE)&"("&VLOOKUP(U41,'자율관 배정 R1'!$B:$E,2,FALSE)&")","") -> 조윤서(8) | V42: =IFERROR(VLOOKUP(V41,'자율관 배정 R1'!$B:$F,3,FALSE)&"("&VLOOKUP(V41,'자율관 배정 R1'!$B:$E,2,FALSE)&")","") -> 김민경(8) | W42: =IFERROR(VLOOKUP(W41,'자율관 배정 R1'!$B:$F,3,FALSE)&"("&VLOOKUP(W41,'자율관 배정 R1'!$B:$E,2,FALSE)&")","") -> 강민영(9) | X42: =IFERROR(VLOOKUP(X41,'자율관 배정 R1'!$B:$F,3,FALSE)&"("&VLOOKUP(X41,'자율관 배정 R1'!$B:$E,2,FALSE)&")","") -> 이다연(8) | Y42: =IFERROR(VLOOKUP(Y41,'자율관 배정 R1'!$B:$F,3,FALSE)&"("&VLOOKUP(Y41,'자율관 배정 R1'!$B:$E,2,FALSE)&")","") -> 김가현(9) | Z42: =IFERROR(VLOOKUP(Z41,'자율관 배정 R1'!$B:$F,3,FALSE)&"("&VLOOKUP(Z41,'자율관 배정 R1'!$B:$E,2,FALSE)&")","") -> 임은우(8) | AB42: =IFERROR(VLOOKUP(AB41,'자율관 배정 R1'!$B:$F,3,FALSE)&"("&VLOOKUP(AB41,'자율관 배정 R1'!$B:$E,2,FALSE)&")","") -> 김나연(9) | AC42: =IFERROR(VLOOKUP(AC41,'자율관 배정 R1'!$B:$F,3,FALSE)&"("&VLOOKUP(AC41,'자율관 배정 R1'!$B:$E,2,FALSE)&")","") -> 정연수(8) | AD42: =IFERROR(VLOOKUP(AD41,'자율관 배정 R1'!$B:$F,3,FALSE)&"("&VLOOKUP(AD41,'자율관 배정 R1'!$B:$E,2,FALSE)&")","") -> 서아윤(9) | AE42: =IFERROR(VLOOKUP(AE41,'자율관 배정 R1'!$B:$F,3,FALSE)&"("&VLOOKUP(AE41,'자율관 배정 R1'!$B:$E,2,FALSE)&")","") -> 한서연(8) | AF42: =IFERROR(VLOOKUP(AF41,'자율관 배정 R1'!$B:$F,3,FALSE)&"("&VLOOKUP(AF41,'자율관 배정 R1'!$B:$E,2,FALSE)&")","") -> 송연지(9)
C43: =IFERROR(VLOOKUP(A43,'자율관 배정 R1'!$B:$F,7,FALSE)&"","") | D43: =IFERROR(VLOOKUP(A43,'자율관 배정 R1'!$B:$G,8,FALSE)&"","") | F43: =IFERROR(VLOOKUP(F41,'자율관 배정 R1'!$B:$F,5,FALSE)&"","") -> 월화수목 | G43: =IFERROR(VLOOKUP(G41,'자율관 배정 R1'!$B:$F,5,FALSE)&"","") -> 기숙사 | H43: =IFERROR(VLOOKUP(H41,'자율관 배정 R1'!$B:$F,5,FALSE)&"","") | K43: =IFERROR(VLOOKUP(K41,'자율관 배정 R1'!$B:$F,5,FALSE)&"","") -> 월화수목 | L43: =IFERROR(VLOOKUP(L41,'자율관 배정 R1'!$B:$F,5,FALSE)&"","") | M43: =IFERROR(VLOOKUP(M41,'자율관 배정 R1'!$B:$F,5,FALSE)&"","") -> 기숙사 | N43: =IFERROR(VLOOKUP(N41,'자율관 배정 R1'!$B:$F,5,FALSE)&"","") -> EP면학X | U43: =IFERROR(VLOOKUP(U41,'자율관 배정 R1'!$B:$F,5,FALSE)&"","") -> 월화수목 | V43: =IFERROR(VLOOKUP(V41,'자율관 배정 R1'!$B:$F,5,FALSE)&"","") -> EP면학X | W43: =IFERROR(VLOOKUP(W41,'자율관 배정 R1'!$B:$F,5,FALSE)&"","") -> 기숙사 | X43: =IFERROR(VLOOKUP(X41,'자율관 배정 R1'!$B:$F,5,FALSE)&"","") -> EP면학X | Y43: =IFERROR(VLOOKUP(Y41,'자율관 배정 R1'!$B:$F,5,FALSE)&"","") -> 기숙사 | Z43: =IFERROR(VLOOKUP(Z41,'자율관 배정 R1'!$B:$F,5,FALSE)&"","") -> EP면학X | AB43: =IFERROR(VLOOKUP(AB41,'자율관 배정 R1'!$B:$F,5,FALSE)&"","") -> 기숙사 | AC43: =IFERROR(VLOOKUP(AC41,'자율관 배정 R1'!$B:$F,5,FALSE)&"","") -> EP면학X | AD43: =IFERROR(VLOOKUP(AD41,'자율관 배정 R1'!$B:$F,5,FALSE)&"","") -> 월화수목 | AE43: =IFERROR(VLOOKUP(AE41,'자율관 배정 R1'!$B:$F,5,FALSE)&"","") -> EP면학X | AF43: =IFERROR(VLOOKUP(AF41,'자율관 배정 R1'!$B:$F,5,FALSE)&"","") -> EP면학X
C44: =IFERROR(VLOOKUP(A44,'자율관 배정 R1'!$B:$F,7,FALSE)&"","") | D44: =IFERROR(VLOOKUP(A44,'자율관 배정 R1'!$B:$G,8,FALSE)&"","") | U44: 2D069 | V44: 2D068 | W44: 2D067 | X44: 2D066 | Y44: 2D065 | Z44: 2D064 | AB44: 2D063 | AC44: 2D062 | AD44: 2D061 | AE44: 2D060 | AF44: 2D059
A45: 2A132 | B45: =IFERROR(VLOOKUP(A45,'자율관 배정 R1'!$B:$F,3,FALSE)&"("&VLOOKUP(A45,'자율관 배정 R1'!$B:$E,2,FALSE)&")","") -> 김재웅(12) | C45: =IFERROR(VLOOKUP(A45,'자율관 배정 R1'!$B:$F,5,FALSE)&"","") -> 기숙사 | D45: =IFERROR(VLOOKUP(A45,'자율관 배정 R1'!$B:$G,8,FALSE)&"","") | F45: 2A072 | G45: 2A071 | H45: 2A070 | U45: =IFERROR(VLOOKUP(U44,'자율관 배정 R1'!$B:$F,3,FALSE)&"("&VLOOKUP(U44,'자율관 배정 R1'!$B:$E,2,FALSE)&")","") -> 권은진(9) | V45: =IFERROR(VLOOKUP(V44,'자율관 배정 R1'!$B:$F,3,FALSE)&"("&VLOOKUP(V44,'자율관 배정 R1'!$B:$E,2,FALSE)&")","") -> 김민겸(10) | W45: =IFERROR(VLOOKUP(W44,'자율관 배정 R1'!$B:$F,3,FALSE)&"("&VLOOKUP(W44,'자율관 배정 R1'!$B:$E,2,FALSE)&")","") -> 김나연(9) | X45: =IFERROR(VLOOKUP(X44,'자율관 배정 R1'!$B:$F,3,FALSE)&"("&VLOOKUP(X44,'자율관 배정 R1'!$B:$E,2,FALSE)&")","") -> 김민서(10) | Y45: =IFERROR(VLOOKUP(Y44,'자율관 배정 R1'!$B:$F,3,FALSE)&"("&VLOOKUP(Y44,'자율관 배정 R1'!$B:$E,2,FALSE)&")","") -> 김민지(9) | Z45: =IFERROR(VLOOKUP(Z44,'자율관 배정 R1'!$B:$F,3,FALSE)&"("&VLOOKUP(Z44,'자율관 배정 R1'!$B:$E,2,FALSE)&")","") -> 박주원(10) | AB45: =IFERROR(VLOOKUP(AB44,'자율관 배정 R1'!$B:$F,3,FALSE)&"("&VLOOKUP(AB44,'자율관 배정 R1'!$B:$E,2,FALSE)&")","") -> 김온유(9) | AC45: =IFERROR(VLOOKUP(AC44,'자율관 배정 R1'!$B:$F,3,FALSE)&"("&VLOOKUP(AC44,'자율관 배정 R1'!$B:$E,2,FALSE)&")","") -> 유윤지(10) | AD45: =IFERROR(VLOOKUP(AD44,'자율관 배정 R1'!$B:$F,3,FALSE)&"("&VLOOKUP(AD44,'자율관 배정 R1'!$B:$E,2,FALSE)&")","") -> 김하랑(9) | AE45: =IFERROR(VLOOKUP(AE44,'자율관 배정 R1'!$B:$F,3,FALSE)&"("&VLOOKUP(AE44,'자율관 배정 R1'!$B:$E,2,FALSE)&")","") -> 윤수빈(10) | AF45: =IFERROR(VLOOKUP(AF44,'자율관 배정 R1'!$B:$F,3,FALSE)&"("&VLOOKUP(AF44,'자율관 배정 R1'!$B:$E,2,FALSE)&")","") -> 백시윤(9)
A46: 2A133 | B46: =IFERROR(VLOOKUP(A46,'자율관 배정 R1'!$B:$F,3,FALSE)&"("&VLOOKUP(A46,'자율관 배정 R1'!$B:$E,2,FALSE)&")","") -> 장성현(10) | C46: =IFERROR(VLOOKUP(A46,'자율관 배정 R1'!$B:$F,5,FALSE)&"","") -> EP면학X | D46: =IFERROR(VLOOKUP(A46,'자율관 배정 R1'!$B:$G,8,FALSE)&"","") | F46: =IFERROR(VLOOKUP(F45,'자율관 배정 R1'!$B:$F,3,FALSE)&"("&VLOOKUP(F45,'자율관 배정 R1'!$B:$E,2,FALSE)&")","") -> 이호찬(5) | G46: =IFERROR(VLOOKUP(G45,'자율관 배정 R1'!$B:$F,3,FALSE)&"("&VLOOKUP(G45,'자율관 배정 R1'!$B:$E,2,FALSE)&")","") -> () | H46: =IFERROR(VLOOKUP(H45,'자율관 배정 R1'!$B:$F,3,FALSE)&"("&VLOOKUP(H45,'자율관 배정 R1'!$B:$E,2,FALSE)&")","") -> 이예찬(5) | U46: =IFERROR(VLOOKUP(U44,'자율관 배정 R1'!$B:$F,5,FALSE)&"","") -> EP면학X | V46: =IFERROR(VLOOKUP(V44,'자율관 배정 R1'!$B:$F,5,FALSE)&"","") -> 기숙사 | W46: =IFERROR(VLOOKUP(W44,'자율관 배정 R1'!$B:$F,5,FALSE)&"","") -> EP면학X | X46: =IFERROR(VLOOKUP(X44,'자율관 배정 R1'!$B:$F,5,FALSE)&"","") -> EP면학X | Y46: =IFERROR(VLOOKUP(Y44,'자율관 배정 R1'!$B:$F,5,FALSE)&"","") -> EP면학X | Z46: =IFERROR(VLOOKUP(Z44,'자율관 배정 R1'!$B:$F,5,FALSE)&"","") -> 기숙사 | AB46: =IFERROR(VLOOKUP(AB44,'자율관 배정 R1'!$B:$F,5,FALSE)&"","") -> EP면학X | AC46: =IFERROR(VLOOKUP(AC44,'자율관 배정 R1'!$B:$F,5,FALSE)&"","") -> 기숙사 | AD46: =IFERROR(VLOOKUP(AD44,'자율관 배정 R1'!$B:$F,5,FALSE)&"","") -> EP면학X | AE46: =IFERROR(VLOOKUP(AE44,'자율관 배정 R1'!$B:$F,5,FALSE)&"","") -> 기숙사 | AF46: =IFERROR(VLOOKUP(AF44,'자율관 배정 R1'!$B:$F,5,FALSE)&"","") -> EP면학X
A47: 2A134 | B47: =IFERROR(VLOOKUP(A47,'자율관 배정 R1'!$B:$F,3,FALSE)&"("&VLOOKUP(A47,'자율관 배정 R1'!$B:$E,2,FALSE)&")","") -> 우재호(12) | C47: =IFERROR(VLOOKUP(A47,'자율관 배정 R1'!$B:$F,5,FALSE)&"","") -> 기숙사 | D47: =IFERROR(VLOOKUP(A47,'자율관 배정 R1'!$B:$G,8,FALSE)&"","") | F47: =IFERROR(VLOOKUP(F45,'자율관 배정 R1'!$B:$F,5,FALSE)&"","") -> 기숙사 | G47: =IFERROR(VLOOKUP(G45,'자율관 배정 R1'!$B:$F,5,FALSE)&"","") | H47: =IFERROR(VLOOKUP(H45,'자율관 배정 R1'!$B:$F,5,FALSE)&"","") -> 기숙사
A48: 2A135 | B48: =IFERROR(VLOOKUP(A48,'자율관 배정 R1'!$B:$F,3,FALSE)&"("&VLOOKUP(A48,'자율관 배정 R1'!$B:$E,2,FALSE)&")","") -> 강민혁(11) | C48: =IFERROR(VLOOKUP(A48,'자율관 배정 R1'!$B:$F,5,FALSE)&"","") -> EP면학X | D48: =IFERROR(VLOOKUP(A48,'자율관 배정 R1'!$B:$G,8,FALSE)&"","") | F48: 2A063 | G48: 2A062 | H48: 2A061 | J48: 2A069 | K48: 2A068 | L48: 2A067 | M48: 2A066 | N48: 2A065 | O48: 2A064 | U48: 2D058 | V48: 2D057 | W48: 2D056 | X48: 2D055 | Y48: 2D054 | Z48: 2D053 | AB48: 2D052 | AC48: 2D051 | AD48: 2D050 | AE48: 2D049 | AF48: 2D048
A49: 2A136 | B49: =IFERROR(VLOOKUP(A49,'자율관 배정 R1'!$B:$F,3,FALSE)&"("&VLOOKUP(A49,'자율관 배정 R1'!$B:$E,2,FALSE)&")","") -> 윤서진(12) | C49: =IFERROR(VLOOKUP(A49,'자율관 배정 R1'!$B:$F,5,FALSE)&"","") -> 기숙사 | D49: =IFERROR(VLOOKUP(A49,'자율관 배정 R1'!$B:$G,8,FALSE)&"","") | F49: =IFERROR(VLOOKUP(F48,'자율관 배정 R1'!$B:$F,3,FALSE)&"("&VLOOKUP(F48,'자율관 배정 R1'!$B:$E,2,FALSE)&")","") -> 조상훈(4) | G49: =IFERROR(VLOOKUP(G48,'자율관 배정 R1'!$B:$F,3,FALSE)&"("&VLOOKUP(G48,'자율관 배정 R1'!$B:$E,2,FALSE)&")","") -> 오대규(6) | H49: =IFERROR(VLOOKUP(H48,'자율관 배정 R1'!$B:$F,3,FALSE)&"("&VLOOKUP(H48,'자율관 배정 R1'!$B:$E,2,FALSE)&")","") -> 정세윤(10) | J49: =IFERROR(VLOOKUP(J48,'자율관 배정 R1'!$B:$F,3,FALSE)&"("&VLOOKUP(J48,'자율관 배정 R1'!$B:$E,2,FALSE)&")","") -> 최동인(6) | K49: =IFERROR(VLOOKUP(K48,'자율관 배정 R1'!$B:$F,3,FALSE)&"("&VLOOKUP(K48,'자율관 배정 R1'!$B:$E,2,FALSE)&")","") -> 신준우(5) | L49: =IFERROR(VLOOKUP(L48,'자율관 배정 R1'!$B:$F,3,FALSE)&"("&VLOOKUP(L48,'자율관 배정 R1'!$B:$E,2,FALSE)&")","") -> () | M49: =IFERROR(VLOOKUP(M48,'자율관 배정 R1'!$B:$F,3,FALSE)&"("&VLOOKUP(M48,'자율관 배정 R1'!$B:$E,2,FALSE)&")","") -> 박진표(5) | N49: =IFERROR(VLOOKUP(N48,'자율관 배정 R1'!$B:$F,3,FALSE)&"("&VLOOKUP(N48,'자율관 배정 R1'!$B:$E,2,FALSE)&")","") -> 이강은(6) | O49: =IFERROR(VLOOKUP(O48,'자율관 배정 R1'!$B:$F,3,FALSE)&"("&VLOOKUP(O48,'자율관 배정 R1'!$B:$E,2,FALSE)&")","") -> 김휘원(5) | U49: =IFERROR(VLOOKUP(U48,'자율관 배정 R1'!$B:$F,3,FALSE)&"("&VLOOKUP(U48,'자율관 배정 R1'!$B:$E,2,FALSE)&")","") -> 이가은(10) | V49: =IFERROR(VLOOKUP(V48,'자율관 배정 R1'!$B:$F,3,FALSE)&"("&VLOOKUP(V48,'자율관 배정 R1'!$B:$E,2,FALSE)&")","") -> 엄여울(9) | W49: =IFERROR(VLOOKUP(W48,'자율관 배정 R1'!$B:$F,3,FALSE)&"("&VLOOKUP(W48,'자율관 배정 R1'!$B:$E,2,FALSE)&")","") -> 이서연(10) | X49: =IFERROR(VLOOKUP(X48,'자율관 배정 R1'!$B:$F,3,FALSE)&"("&VLOOKUP(X48,'자율관 배정 R1'!$B:$E,2,FALSE)&")","") -> 이승안(9) | Y49: =IFERROR(VLOOKUP(Y48,'자율관 배정 R1'!$B:$F,3,FALSE)&"("&VLOOKUP(Y48,'자율관 배정 R1'!$B:$E,2,FALSE)&")","") -> 이서희(10) | Z49: =IFERROR(VLOOKUP(Z48,'자율관 배정 R1'!$B:$F,3,FALSE)&"("&VLOOKUP(Z48,'자율관 배정 R1'!$B:$E,2,FALSE)&")","") -> 이현희(9) | AB49: =IFERROR(VLOOKUP(AB48,'자율관 배정 R1'!$B:$F,3,FALSE)&"("&VLOOKUP(AB48,'자율관 배정 R1'!$B:$E,2,FALSE)&")","") -> 이채린(10) | AC49: =IFERROR(VLOOKUP(AC48,'자율관 배정 R1'!$B:$F,3,FALSE)&"("&VLOOKUP(AC48,'자율관 배정 R1'!$B:$E,2,FALSE)&")","") -> 정여은(9) | AD49: =IFERROR(VLOOKUP(AD48,'자율관 배정 R1'!$B:$F,3,FALSE)&"("&VLOOKUP(AD48,'자율관 배정 R1'!$B:$E,2,FALSE)&")","") -> 지서현(10) | AE49: =IFERROR(VLOOKUP(AE48,'자율관 배정 R1'!$B:$F,3,FALSE)&"("&VLOOKUP(AE48,'자율관 배정 R1'!$B:$E,2,FALSE)&")","") -> 조채원(9) | AF49: =IFERROR(VLOOKUP(AF48,'자율관 배정 R1'!$B:$F,3,FALSE)&"("&VLOOKUP(AF48,'자율관 배정 R1'!$B:$E,2,FALSE)&")","") -> 진여정(10)
A50: 2A137 | B50: =IFERROR(VLOOKUP(A50,'자율관 배정 R1'!$B:$F,3,FALSE)&"("&VLOOKUP(A50,'자율관 배정 R1'!$B:$E,2,FALSE)&")","") -> 김재원(11) | C50: =IFERROR(VLOOKUP(A50,'자율관 배정 R1'!$B:$F,5,FALSE)&"","") -> EP면학X | D50: =IFERROR(VLOOKUP(A50,'자율관 배정 R1'!$B:$G,8,FALSE)&"","") | F50: =IFERROR(VLOOKUP(F48,'자율관 배정 R1'!$B:$F,5,FALSE)&"","") -> EP면학X | G50: =IFERROR(VLOOKUP(G48,'자율관 배정 R1'!$B:$F,5,FALSE)&"","") -> EP면학X | H50: =IFERROR(VLOOKUP(H48,'자율관 배정 R1'!$B:$F,5,FALSE)&"","") -> 기숙사 | J50: =IFERROR(VLOOKUP(J48,'자율관 배정 R1'!$B:$F,5,FALSE)&"","") -> EP면학X | K50: =IFERROR(VLOOKUP(K48,'자율관 배정 R1'!$B:$F,5,FALSE)&"","") -> 기숙사 | L50: =IFERROR(VLOOKUP(L48,'자율관 배정 R1'!$B:$F,5,FALSE)&"","") | M50: =IFERROR(VLOOKUP(M48,'자율관 배정 R1'!$B:$F,5,FALSE)&"","") -> 기숙사 | N50: =IFERROR(VLOOKUP(N48,'자율관 배정 R1'!$B:$F,5,FALSE)&"","") -> EP면학X | O50: =IFERROR(VLOOKUP(O48,'자율관 배정 R1'!$B:$F,5,FALSE)&"","") -> 월화수목 | U50: =IFERROR(VLOOKUP(U48,'자율관 배정 R1'!$B:$F,5,FALSE)&"","") -> 기숙사 | V50: =IFERROR(VLOOKUP(V48,'자율관 배정 R1'!$B:$F,5,FALSE)&"","") -> 월화수목 | W50: =IFERROR(VLOOKUP(W48,'자율관 배정 R1'!$B:$F,5,FALSE)&"","") -> 기숙사 | X50: =IFERROR(VLOOKUP(X48,'자율관 배정 R1'!$B:$F,5,FALSE)&"","") -> EP면학X | Y50: =IFERROR(VLOOKUP(Y48,'자율관 배정 R1'!$B:$F,5,FALSE)&"","") -> 기숙사 | Z50: =IFERROR(VLOOKUP(Z48,'자율관 배정 R1'!$B:$F,5,FALSE)&"","") -> EP면학X | AB50: =IFERROR(VLOOKUP(AB48,'자율관 배정 R1'!$B:$F,5,FALSE)&"","") -> 기숙사 | AC50: =IFERROR(VLOOKUP(AC48,'자율관 배정 R1'!$B:$F,5,FALSE)&"","") -> EP면학X | AD50: =IFERROR(VLOOKUP(AD48,'자율관 배정 R1'!$B:$F,5,FALSE)&"","") -> 기숙사 | AE50: =IFERROR(VLOOKUP(AE48,'자율관 배정 R1'!$B:$F,5,FALSE)&"","") -> EP면학X | AF50: =IFERROR(VLOOKUP(AF48,'자율관 배정 R1'!$B:$F,5,FALSE)&"","") -> 기숙사
A51: 2A138 | B51: =IFERROR(VLOOKUP(A51,'자율관 배정 R1'!$B:$F,3,FALSE)&"("&VLOOKUP(A51,'자율관 배정 R1'!$B:$E,2,FALSE)&")","") -> 이민준(12) | C51: =IFERROR(VLOOKUP(A51,'자율관 배정 R1'!$B:$F,5,FALSE)&"","") -> 기숙사 | D51: =IFERROR(VLOOKUP(A51,'자율관 배정 R1'!$B:$G,8,FALSE)&"","") | J51: 2A060 | K51: 2A059 | L51: 2A058 | M51: 2A057 | N51: 2A056 | O51: 2A055 | U51: 2D047 | V51: 2D046 | W51: 2D045 | X51: 2D044 | Y51: 2D043 | Z51: 2D042 | AB51: 2D041 | AC51: 2D040 | AD51: 2D039 | AE51: 2D038 | AF51: 2D037
A52: 2A139 | B52: =IFERROR(VLOOKUP(A52,'자율관 배정 R1'!$B:$F,3,FALSE)&"("&VLOOKUP(A52,'자율관 배정 R1'!$B:$E,2,FALSE)&")","") -> 이지범(11) | C52: =IFERROR(VLOOKUP(A52,'자율관 배정 R1'!$B:$F,5,FALSE)&"","") -> EP면학X | D52: =IFERROR(VLOOKUP(A52,'자율관 배정 R1'!$B:$G,8,FALSE)&"","") | F52: 2A054 | G52: 2A053 | H52: 2A052 | J52: =IFERROR(VLOOKUP(J51,'자율관 배정 R1'!$B:$F,3,FALSE)&"("&VLOOKUP(J51,'자율관 배정 R1'!$B:$E,2,FALSE)&")","") -> 배서준(9) | K52: =IFERROR(VLOOKUP(K51,'자율관 배정 R1'!$B:$F,3,FALSE)&"("&VLOOKUP(K51,'자율관 배정 R1'!$B:$E,2,FALSE)&")","") -> 박기현(6) | L52: =IFERROR(VLOOKUP(L51,'자율관 배정 R1'!$B:$F,3,FALSE)&"("&VLOOKUP(L51,'자율관 배정 R1'!$B:$E,2,FALSE)&")","") -> 김명주(9) | M52: =IFERROR(VLOOKUP(M51,'자율관 배정 R1'!$B:$F,3,FALSE)&"("&VLOOKUP(M51,'자율관 배정 R1'!$B:$E,2,FALSE)&")","") -> 김현준(6) | N52: =IFERROR(VLOOKUP(N51,'자율관 배정 R1'!$B:$F,3,FALSE)&"("&VLOOKUP(N51,'자율관 배정 R1'!$B:$E,2,FALSE)&")","") -> 이정(8) | O52: =IFERROR(VLOOKUP(O51,'자율관 배정 R1'!$B:$F,3,FALSE)&"("&VLOOKUP(O51,'자율관 배정 R1'!$B:$E,2,FALSE)&")","") -> 강성원(6) | U52: =IFERROR(VLOOKUP(U51,'자율관 배정 R1'!$B:$F,3,FALSE)&"("&VLOOKUP(U51,'자율관 배정 R1'!$B:$E,2,FALSE)&")","") -> 하다연(9) | V52: =IFERROR(VLOOKUP(V51,'자율관 배정 R1'!$B:$F,3,FALSE)&"("&VLOOKUP(V51,'자율관 배정 R1'!$B:$E,2,FALSE)&")","") -> 김나연(10) | W52: =IFERROR(VLOOKUP(W51,'자율관 배정 R1'!$B:$F,3,FALSE)&"("&VLOOKUP(W51,'자율관 배정 R1'!$B:$E,2,FALSE)&")","") -> 김명윤(11) | X52: =IFERROR(VLOOKUP(X51,'자율관 배정 R1'!$B:$F,3,FALSE)&"("&VLOOKUP(X51,'자율관 배정 R1'!$B:$E,2,FALSE)&")","") -> 김유진(10) | Y52: =IFERROR(VLOOKUP(Y51,'자율관 배정 R1'!$B:$F,3,FALSE)&"("&VLOOKUP(Y51,'자율관 배정 R1'!$B:$E,2,FALSE)&")","") -> 김민서(11) | Z52: =IFERROR(VLOOKUP(Z51,'자율관 배정 R1'!$B:$F,3,FALSE)&"("&VLOOKUP(Z51,'자율관 배정 R1'!$B:$E,2,FALSE)&")","") -> 나지애(10) | AB52: =IFERROR(VLOOKUP(AB51,'자율관 배정 R1'!$B:$F,3,FALSE)&"("&VLOOKUP(AB51,'자율관 배정 R1'!$B:$E,2,FALSE)&")","") -> 박윤서(11) | AC52: =IFERROR(VLOOKUP(AC51,'자율관 배정 R1'!$B:$F,3,FALSE)&"("&VLOOKUP(AC51,'자율관 배정 R1'!$B:$E,2,FALSE)&")","") -> 신지민(10) | AD52: =IFERROR(VLOOKUP(AD51,'자율관 배정 R1'!$B:$F,3,FALSE)&"("&VLOOKUP(AD51,'자율관 배정 R1'!$B:$E,2,FALSE)&")","") -> 여희수(11) | AE52: =IFERROR(VLOOKUP(AE51,'자율관 배정 R1'!$B:$F,3,FALSE)&"("&VLOOKUP(AE51,'자율관 배정 R1'!$B:$E,2,FALSE)&")","") -> 유정원(10) | AF52: =IFERROR(VLOOKUP(AF51,'자율관 배정 R1'!$B:$F,3,FALSE)&"("&VLOOKUP(AF51,'자율관 배정 R1'!$B:$E,2,FALSE)&")","") -> 이채빈(11)
A53: 2A140 | B53: =IFERROR(VLOOKUP(A53,'자율관 배정 R1'!$B:$F,3,FALSE)&"("&VLOOKUP(A53,'자율관 배정 R1'!$B:$E,2,FALSE)&")","") -> 이지율(12) | C53: =IFERROR(VLOOKUP(A53,'자율관 배정 R1'!$B:$F,5,FALSE)&"","") -> 기숙사 | D53: =IFERROR(VLOOKUP(A53,'자율관 배정 R1'!$B:$G,8,FALSE)&"","") | F53: =IFERROR(VLOOKUP(F52,'자율관 배정 R1'!$B:$F,3,FALSE)&"("&VLOOKUP(F52,'자율관 배정 R1'!$B:$E,2,FALSE)&")","") -> 임현성(5) | G53: =IFERROR(VLOOKUP(G52,'자율관 배정 R1'!$B:$F,3,FALSE)&"("&VLOOKUP(G52,'자율관 배정 R1'!$B:$E,2,FALSE)&")","") -> 전우혁(9) | H53: =IFERROR(VLOOKUP(H52,'자율관 배정 R1'!$B:$F,3,FALSE)&"("&VLOOKUP(H52,'자율관 배정 R1'!$B:$E,2,FALSE)&")","") -> 이건호(1) | J53: =IFERROR(VLOOKUP(J51,'자율관 배정 R1'!$B:$F,5,FALSE)&"","") -> EP면학X | K53: =IFERROR(VLOOKUP(K51,'자율관 배정 R1'!$B:$F,5,FALSE)&"","") -> EP면학X | L53: =IFERROR(VLOOKUP(L51,'자율관 배정 R1'!$B:$F,5,FALSE)&"","") -> EP면학X | M53: =IFERROR(VLOOKUP(M51,'자율관 배정 R1'!$B:$F,5,FALSE)&"","") -> EP면학X | N53: =IFERROR(VLOOKUP(N51,'자율관 배정 R1'!$B:$F,5,FALSE)&"","") -> EP면학X | O53: =IFERROR(VLOOKUP(O51,'자율관 배정 R1'!$B:$F,5,FALSE)&"","") -> EP면학X | U53: =IFERROR(VLOOKUP(U51,'자율관 배정 R1'!$B:$F,5,FALSE)&"","") -> 월화수목 | V53: =IFERROR(VLOOKUP(V51,'자율관 배정 R1'!$B:$F,5,FALSE)&"","") -> EP면학X | W53: =IFERROR(VLOOKUP(W51,'자율관 배정 R1'!$B:$F,5,FALSE)&"","") -> 기숙사 | X53: =IFERROR(VLOOKUP(X51,'자율관 배정 R1'!$B:$F,5,FALSE)&"","") -> EP면학X | Y53: =IFERROR(VLOOKUP(Y51,'자율관 배정 R1'!$B:$F,5,FALSE)&"","") -> 기숙사 | Z53: =IFERROR(VLOOKUP(Z51,'자율관 배정 R1'!$B:$F,5,FALSE)&"","") -> EP면학X | AB53: =IFERROR(VLOOKUP(AB51,'자율관 배정 R1'!$B:$F,5,FALSE)&"","") -> 기숙사 | AC53: =IFERROR(VLOOKUP(AC51,'자율관 배정 R1'!$B:$F,5,FALSE)&"","") -> EP면학X | AD53: =IFERROR(VLOOKUP(AD51,'자율관 배정 R1'!$B:$F,5,FALSE)&"","") -> 월화수목 | AE53: =IFERROR(VLOOKUP(AE51,'자율관 배정 R1'!$B:$F,5,FALSE)&"","") -> EP면학X | AF53: =IFERROR(VLOOKUP(AF51,'자율관 배정 R1'!$B:$F,5,FALSE)&"","") -> EP면학X
B54: =IFERROR(VLOOKUP(A54,'자율관 배정 R1'!$B:$F,3,FALSE)&"("&VLOOKUP(A54,'자율관 배정 R1'!$B:$E,2,FALSE)&")","") | C54: =IFERROR(VLOOKUP(A54,'자율관 배정 R1'!$B:$F,7,FALSE)&"","") | D54: =IFERROR(VLOOKUP(A54,'자율관 배정 R1'!$B:$G,8,FALSE)&"","") | F54: =IFERROR(VLOOKUP(F52,'자율관 배정 R1'!$B:$F,5,FALSE)&"","") -> EP면학X | G54: =IFERROR(VLOOKUP(G52,'자율관 배정 R1'!$B:$F,5,FALSE)&"","") -> EP면학X | H54: =IFERROR(VLOOKUP(H52,'자율관 배정 R1'!$B:$F,5,FALSE)&"","") -> EP면학X | AD54: =IFERROR(VLOOKUP(AD52,'자율관 배정 R1'!$B:$G,8,FALSE)&"","")
B55: =IFERROR(VLOOKUP(A55,'자율관 배정 R1'!$B:$F,3,FALSE)&"("&VLOOKUP(A55,'자율관 배정 R1'!$B:$E,2,FALSE)&")","") | C55: =IFERROR(VLOOKUP(A55,'자율관 배정 R1'!$B:$F,7,FALSE)&"","") | D55: =IFERROR(VLOOKUP(A55,'자율관 배정 R1'!$B:$G,8,FALSE)&"","") | F55: 2A045 | G55: 2A044 | H55: 2A043 | U55: 2D036 | V55: 2D035 | W55: 2D034 | X55: 2D033 | Y55: 2D032 | Z55: 2D031 | AB55: 2D030 | AD55: =IFERROR(VLOOKUP(AD53,'자율관 배정 R1'!$B:$G,8,FALSE)&"","") | AE55: 2D029 | AF55: 2D028
B56: =IFERROR(VLOOKUP(A56,'자율관 배정 R1'!$B:$F,3,FALSE)&"("&VLOOKUP(A56,'자율관 배정 R1'!$B:$E,2,FALSE)&")","") | C56: =IFERROR(VLOOKUP(A56,'자율관 배정 R1'!$B:$F,7,FALSE)&"","") | D56: =IFERROR(VLOOKUP(A56,'자율관 배정 R1'!$B:$G,8,FALSE)&"","") | F56: =IFERROR(VLOOKUP(F55,'자율관 배정 R1'!$B:$F,3,FALSE)&"("&VLOOKUP(F55,'자율관 배정 R1'!$B:$E,2,FALSE)&")","") -> 박성민(5) | G56: =IFERROR(VLOOKUP(G55,'자율관 배정 R1'!$B:$F,3,FALSE)&"("&VLOOKUP(G55,'자율관 배정 R1'!$B:$E,2,FALSE)&")","") -> 최치민(8) | H56: =IFERROR(VLOOKUP(H55,'자율관 배정 R1'!$B:$F,3,FALSE)&"("&VLOOKUP(H55,'자율관 배정 R1'!$B:$E,2,FALSE)&")","") -> 노진(5) | J56: 2A051 | K56: 2A050 | L56: 2A049 | M56: 2A048 | N56: 2A047 | O56: 2A046 | U56: =IFERROR(VLOOKUP(U55,'자율관 배정 R1'!$B:$F,3,FALSE)&"("&VLOOKUP(U55,'자율관 배정 R1'!$B:$E,2,FALSE)&")","") -> 이서영(10) | V56: =IFERROR(VLOOKUP(V55,'자율관 배정 R1'!$B:$F,3,FALSE)&"("&VLOOKUP(V55,'자율관 배정 R1'!$B:$E,2,FALSE)&")","") -> 장소정(11) | W56: =IFERROR(VLOOKUP(W55,'자율관 배정 R1'!$B:$F,3,FALSE)&"("&VLOOKUP(W55,'자율관 배정 R1'!$B:$E,2,FALSE)&")","") -> 정하윤(10) | X56: =IFERROR(VLOOKUP(X55,'자율관 배정 R1'!$B:$F,3,FALSE)&"("&VLOOKUP(X55,'자율관 배정 R1'!$B:$E,2,FALSE)&")","") -> 정희영(11) | Y56: =IFERROR(VLOOKUP(Y55,'자율관 배정 R1'!$B:$F,3,FALSE)&"("&VLOOKUP(Y55,'자율관 배정 R1'!$B:$E,2,FALSE)&")","") -> 진아현(10) | Z56: =IFERROR(VLOOKUP(Z55,'자율관 배정 R1'!$B:$F,3,FALSE)&"("&VLOOKUP(Z55,'자율관 배정 R1'!$B:$E,2,FALSE)&")","") -> 최시아(11) | AB56: =IFERROR(VLOOKUP(AB55,'자율관 배정 R1'!$B:$F,3,FALSE)&"("&VLOOKUP(AB55,'자율관 배정 R1'!$B:$E,2,FALSE)&")","") -> 최하은(10) | AD56: =IFERROR(VLOOKUP(AD54,'자율관 배정 R1'!$B:$G,8,FALSE)&"","") | AE56: =IFERROR(VLOOKUP(AE55,'자율관 배정 R1'!$B:$F,3,FALSE)&"("&VLOOKUP(AE55,'자율관 배정 R1'!$B:$E,2,FALSE)&")","") -> 강유나(12) | AF56: =IFERROR(VLOOKUP(AF55,'자율관 배정 R1'!$B:$F,3,FALSE)&"("&VLOOKUP(AF55,'자율관 배정 R1'!$B:$E,2,FALSE)&")","") -> 현다은(10)
B57: =IFERROR(VLOOKUP(A57,'자율관 배정 R1'!$B:$F,3,FALSE)&"("&VLOOKUP(A57,'자율관 배정 R1'!$B:$E,2,FALSE)&")","") | C57: =IFERROR(VLOOKUP(A57,'자율관 배정 R1'!$B:$F,7,FALSE)&"","") | D57: =IFERROR(VLOOKUP(A57,'자율관 배정 R1'!$B:$G,8,FALSE)&"","") | F57: =IFERROR(VLOOKUP(F55,'자율관 배정 R1'!$B:$F,5,FALSE)&"","") -> EP면학X | G57: =IFERROR(VLOOKUP(G55,'자율관 배정 R1'!$B:$F,5,FALSE)&"","") -> EP면학X | H57: =IFERROR(VLOOKUP(H55,'자율관 배정 R1'!$B:$F,5,FALSE)&"","") -> EP면학X | J57: =IFERROR(VLOOKUP(J56,'자율관 배정 R1'!$B:$F,3,FALSE)&"("&VLOOKUP(J56,'자율관 배정 R1'!$B:$E,2,FALSE)&")","") -> 김지율(5) | K57: =IFERROR(VLOOKUP(K56,'자율관 배정 R1'!$B:$F,3,FALSE)&"("&VLOOKUP(K56,'자율관 배정 R1'!$B:$E,2,FALSE)&")","") -> 이승주(8) | L57: =IFERROR(VLOOKUP(L56,'자율관 배정 R1'!$B:$F,3,FALSE)&"("&VLOOKUP(L56,'자율관 배정 R1'!$B:$E,2,FALSE)&")","") -> 이연(5) | M57: =IFERROR(VLOOKUP(M56,'자율관 배정 R1'!$B:$F,3,FALSE)&"("&VLOOKUP(M56,'자율관 배정 R1'!$B:$E,2,FALSE)&")","") -> 박서진(8) | N57: =IFERROR(VLOOKUP(N56,'자율관 배정 R1'!$B:$F,3,FALSE)&"("&VLOOKUP(N56,'자율관 배정 R1'!$B:$E,2,FALSE)&")","") -> 윤용수(5) | O57: =IFERROR(VLOOKUP(O56,'자율관 배정 R1'!$B:$F,3,FALSE)&"("&VLOOKUP(O56,'자율관 배정 R1'!$B:$E,2,FALSE)&")","") -> 박상현(1) | U57: =IFERROR(VLOOKUP(U55,'자율관 배정 R1'!$B:$F,5,FALSE)&"","") -> EP면학X | V57: =IFERROR(VLOOKUP(V55,'자율관 배정 R1'!$B:$F,5,FALSE)&"","") -> 기숙사 | W57: =IFERROR(VLOOKUP(W55,'자율관 배정 R1'!$B:$F,5,FALSE)&"","") -> EP면학X | X57: =IFERROR(VLOOKUP(X55,'자율관 배정 R1'!$B:$F,5,FALSE)&"","") -> 기숙사 | Y57: =IFERROR(VLOOKUP(Y55,'자율관 배정 R1'!$B:$F,5,FALSE)&"","") -> EP면학X | Z57: =IFERROR(VLOOKUP(Z55,'자율관 배정 R1'!$B:$F,5,FALSE)&"","") -> 기숙사 | AB57: =IFERROR(VLOOKUP(AB55,'자율관 배정 R1'!$B:$F,5,FALSE)&"","") -> EP면학X | AD57: =IFERROR(VLOOKUP(AD55,'자율관 배정 R1'!$B:$F,7,FALSE)&"","") | AE57: =IFERROR(VLOOKUP(AE55,'자율관 배정 R1'!$B:$F,5,FALSE)&"","") -> EP면학X | AF57: =IFERROR(VLOOKUP(AF55,'자율관 배정 R1'!$B:$F,5,FALSE)&"","") -> EP면학X
B58: =IFERROR(VLOOKUP(A58,'자율관 배정 R1'!$B:$F,3,FALSE)&"("&VLOOKUP(A58,'자율관 배정 R1'!$B:$E,2,FALSE)&")","") | C58: =IFERROR(VLOOKUP(A58,'자율관 배정 R1'!$B:$F,7,FALSE)&"","") | D58: =IFERROR(VLOOKUP(A58,'자율관 배정 R1'!$B:$G,8,FALSE)&"","") | J58: =IFERROR(VLOOKUP(J56,'자율관 배정 R1'!$B:$F,5,FALSE)&"","") -> EP면학X | K58: =IFERROR(VLOOKUP(K56,'자율관 배정 R1'!$B:$F,5,FALSE)&"","") -> EP면학X | L58: =IFERROR(VLOOKUP(L56,'자율관 배정 R1'!$B:$F,5,FALSE)&"","") -> EP면학X | M58: =IFERROR(VLOOKUP(M56,'자율관 배정 R1'!$B:$F,5,FALSE)&"","") -> EP면학X | N58: =IFERROR(VLOOKUP(N56,'자율관 배정 R1'!$B:$F,5,FALSE)&"","") -> EP면학X | O58: =IFERROR(VLOOKUP(O56,'자율관 배정 R1'!$B:$F,5,FALSE)&"","") -> EP면학X | U58: 2D027 | V58: 2D026 | W58: 2D025 | X58: 2D024 | Y58: 2D023 | Z58: 2D022 | AB58: 2D021 | AC58: 2D020 | AD58: 2D019 | AE58: 2D018 | AF58: 2D017
A59: 2A141 | B59: =IFERROR(VLOOKUP(A59,'자율관 배정 R1'!$B:$F,3,FALSE)&"("&VLOOKUP(A59,'자율관 배정 R1'!$B:$E,2,FALSE)&")","") -> 홍이룸(11) | C59: =IFERROR(VLOOKUP(A59,'자율관 배정 R1'!$B:$F,5,FALSE)&"","") -> EP면학X | D59: =IFERROR(VLOOKUP(A59,'자율관 배정 R1'!$B:$G,8,FALSE)&"","") | F59: 2A036 | G59: 2A035 | H59: 2A034 | J59: 2A042 | K59: 2A041 | L59: 2A040 | M59: 2A039 | N59: 2A038 | O59: 2A037 | U59: =IFERROR(VLOOKUP(U58,'자율관 배정 R1'!$B:$F,3,FALSE)&"("&VLOOKUP(U58,'자율관 배정 R1'!$B:$E,2,FALSE)&")","") -> 김민솔(12) | V59: =IFERROR(VLOOKUP(V58,'자율관 배정 R1'!$B:$F,3,FALSE)&"("&VLOOKUP(V58,'자율관 배정 R1'!$B:$E,2,FALSE)&")","") -> 기승하(11) | W59: =IFERROR(VLOOKUP(W58,'자율관 배정 R1'!$B:$F,3,FALSE)&"("&VLOOKUP(W58,'자율관 배정 R1'!$B:$E,2,FALSE)&")","") -> 김보민(12) | X59: =IFERROR(VLOOKUP(X58,'자율관 배정 R1'!$B:$F,3,FALSE)&"("&VLOOKUP(X58,'자율관 배정 R1'!$B:$E,2,FALSE)&")","") -> 김나연(11) | Y59: =IFERROR(VLOOKUP(Y58,'자율관 배정 R1'!$B:$F,3,FALSE)&"("&VLOOKUP(Y58,'자율관 배정 R1'!$B:$E,2,FALSE)&")","") -> 김지안(12) | Z59: =IFERROR(VLOOKUP(Z58,'자율관 배정 R1'!$B:$F,3,FALSE)&"("&VLOOKUP(Z58,'자율관 배정 R1'!$B:$E,2,FALSE)&")","") -> 김다현(11) | AB59: =IFERROR(VLOOKUP(AB58,'자율관 배정 R1'!$B:$F,3,FALSE)&"("&VLOOKUP(AB58,'자율관 배정 R1'!$B:$E,2,FALSE)&")","") -> 류희주(12) | AC59: =IFERROR(VLOOKUP(AC58,'자율관 배정 R1'!$B:$F,3,FALSE)&"("&VLOOKUP(AC58,'자율관 배정 R1'!$B:$E,2,FALSE)&")","") -> 김서현(11) | AD59: =IFERROR(VLOOKUP(AD58,'자율관 배정 R1'!$B:$F,3,FALSE)&"("&VLOOKUP(AD58,'자율관 배정 R1'!$B:$E,2,FALSE)&")","") -> 박채영(12) | AE59: =IFERROR(VLOOKUP(AE58,'자율관 배정 R1'!$B:$F,3,FALSE)&"("&VLOOKUP(AE58,'자율관 배정 R1'!$B:$E,2,FALSE)&")","") -> 김유은(11) | AF59: =IFERROR(VLOOKUP(AF58,'자율관 배정 R1'!$B:$F,3,FALSE)&"("&VLOOKUP(AF58,'자율관 배정 R1'!$B:$E,2,FALSE)&")","") -> 백지윤(12)
A60: 2A142 | B60: =IFERROR(VLOOKUP(A60,'자율관 배정 R1'!$B:$F,3,FALSE)&"("&VLOOKUP(A60,'자율관 배정 R1'!$B:$E,2,FALSE)&")","") -> 조우현(12) | C60: =IFERROR(VLOOKUP(A60,'자율관 배정 R1'!$B:$F,5,FALSE)&"","") -> 기숙사 | D60: =IFERROR(VLOOKUP(A60,'자율관 배정 R1'!$B:$G,8,FALSE)&"","") | F60: =IFERROR(VLOOKUP(F59,'자율관 배정 R1'!$B:$F,3,FALSE)&"("&VLOOKUP(F59,'자율관 배정 R1'!$B:$E,2,FALSE)&")","") -> 조석현(4) | G60: =IFERROR(VLOOKUP(G59,'자율관 배정 R1'!$B:$F,3,FALSE)&"("&VLOOKUP(G59,'자율관 배정 R1'!$B:$E,2,FALSE)&")","") -> 성재용(8) | H60: =IFERROR(VLOOKUP(H59,'자율관 배정 R1'!$B:$F,3,FALSE)&"("&VLOOKUP(H59,'자율관 배정 R1'!$B:$E,2,FALSE)&")","") -> 박채환(1) | J60: =IFERROR(VLOOKUP(J59,'자율관 배정 R1'!$B:$F,3,FALSE)&"("&VLOOKUP(J59,'자율관 배정 R1'!$B:$E,2,FALSE)&")","") -> 문재희(1) | K60: =IFERROR(VLOOKUP(K59,'자율관 배정 R1'!$B:$F,3,FALSE)&"("&VLOOKUP(K59,'자율관 배정 R1'!$B:$E,2,FALSE)&")","") -> 김희수(5) | L60: =IFERROR(VLOOKUP(L59,'자율관 배정 R1'!$B:$F,3,FALSE)&"("&VLOOKUP(L59,'자율관 배정 R1'!$B:$E,2,FALSE)&")","") -> 김진호(8) | M60: =IFERROR(VLOOKUP(M59,'자율관 배정 R1'!$B:$F,3,FALSE)&"("&VLOOKUP(M59,'자율관 배정 R1'!$B:$E,2,FALSE)&")","") -> 김승언(5) | N60: =IFERROR(VLOOKUP(N59,'자율관 배정 R1'!$B:$F,3,FALSE)&"("&VLOOKUP(N59,'자율관 배정 R1'!$B:$E,2,FALSE)&")","") -> 홍정원(7) | O60: =IFERROR(VLOOKUP(O59,'자율관 배정 R1'!$B:$F,3,FALSE)&"("&VLOOKUP(O59,'자율관 배정 R1'!$B:$E,2,FALSE)&")","") -> 김세현(5) | U60: =IFERROR(VLOOKUP(U58,'자율관 배정 R1'!$B:$F,5,FALSE)&"","") -> 월화수목 | V60: =IFERROR(VLOOKUP(V58,'자율관 배정 R1'!$B:$F,5,FALSE)&"","") -> EP면학X | W60: =IFERROR(VLOOKUP(W58,'자율관 배정 R1'!$B:$F,5,FALSE)&"","") -> 기숙사 | X60: =IFERROR(VLOOKUP(X58,'자율관 배정 R1'!$B:$F,5,FALSE)&"","") -> 월화수목 | Y60: =IFERROR(VLOOKUP(Y58,'자율관 배정 R1'!$B:$F,5,FALSE)&"","") -> EP면학X | Z60: =IFERROR(VLOOKUP(Z58,'자율관 배정 R1'!$B:$F,5,FALSE)&"","") -> EP면학X | AB60: =IFERROR(VLOOKUP(AB58,'자율관 배정 R1'!$B:$F,5,FALSE)&"","") -> 월화수목 | AC60: =IFERROR(VLOOKUP(AC58,'자율관 배정 R1'!$B:$F,5,FALSE)&"","") -> EP면학X | AD60: =IFERROR(VLOOKUP(AD58,'자율관 배정 R1'!$B:$F,5,FALSE)&"","") -> 월화수목 | AE60: =IFERROR(VLOOKUP(AE58,'자율관 배정 R1'!$B:$F,5,FALSE)&"","") -> EP면학X | AF60: =IFERROR(VLOOKUP(AF58,'자율관 배정 R1'!$B:$F,5,FALSE)&"","") -> 기숙사
A61: 2A143 | B61: =IFERROR(VLOOKUP(A61,'자율관 배정 R1'!$B:$F,3,FALSE)&"("&VLOOKUP(A61,'자율관 배정 R1'!$B:$E,2,FALSE)&")","") -> 안형규(12) | C61: =IFERROR(VLOOKUP(A61,'자율관 배정 R1'!$B:$F,5,FALSE)&"","") -> EP면학X | D61: =IFERROR(VLOOKUP(A61,'자율관 배정 R1'!$B:$G,8,FALSE)&"","") | F61: =IFERROR(VLOOKUP(F59,'자율관 배정 R1'!$B:$F,5,FALSE)&"","") -> EP면학X | G61: =IFERROR(VLOOKUP(G59,'자율관 배정 R1'!$B:$F,5,FALSE)&"","") -> EP면학X | H61: =IFERROR(VLOOKUP(H59,'자율관 배정 R1'!$B:$F,5,FALSE)&"","") -> EP면학X | J61: =IFERROR(VLOOKUP(J59,'자율관 배정 R1'!$B:$F,5,FALSE)&"","") -> EP면학X | K61: =IFERROR(VLOOKUP(K59,'자율관 배정 R1'!$B:$F,5,FALSE)&"","") -> EP면학X | L61: =IFERROR(VLOOKUP(L59,'자율관 배정 R1'!$B:$F,5,FALSE)&"","") -> EP면학X | M61: =IFERROR(VLOOKUP(M59,'자율관 배정 R1'!$B:$F,5,FALSE)&"","") -> EP면학X | N61: =IFERROR(VLOOKUP(N59,'자율관 배정 R1'!$B:$F,5,FALSE)&"","") -> EP면학X | O61: =IFERROR(VLOOKUP(O59,'자율관 배정 R1'!$B:$F,5,FALSE)&"","") -> EP면학X | T61: 출 입 문
A62: 2A144 | B62: =IFERROR(VLOOKUP(A62,'자율관 배정 R1'!$B:$F,3,FALSE)&"("&VLOOKUP(A62,'자율관 배정 R1'!$B:$E,2,FALSE)&")","") -> 최재원(12) | C62: =IFERROR(VLOOKUP(A62,'자율관 배정 R1'!$B:$F,5,FALSE)&"","") -> 기숙사 | D62: =IFERROR(VLOOKUP(A62,'자율관 배정 R1'!$B:$G,8,FALSE)&"","") | F62: 2A033 | G62: 2A032 | H62: 2A031 | V62: 2D016 | W62: 2D015 | X62: 2D014 | Y62: 2D013 | Z62: 2D012 | AB62: 2D011 | AC62: 2D010 | AD62: 2D009 | AE62: 2D008 | AF62: 2D007
F63: =IFERROR(VLOOKUP(F62,'자율관 배정 R1'!$B:$F,3,FALSE)&"("&VLOOKUP(F62,'자율관 배정 R1'!$B:$E,2,FALSE)&")","") -> 이후민(4) | G63: =IFERROR(VLOOKUP(G62,'자율관 배정 R1'!$B:$F,3,FALSE)&"("&VLOOKUP(G62,'자율관 배정 R1'!$B:$E,2,FALSE)&")","") -> 고은율(8) | H63: =IFERROR(VLOOKUP(H62,'자율관 배정 R1'!$B:$F,3,FALSE)&"("&VLOOKUP(H62,'자율관 배정 R1'!$B:$E,2,FALSE)&")","") -> 이현진(4) | Q63: 출 입 문 | V63: =IFERROR(VLOOKUP(V62,'자율관 배정 R1'!$B:$F,3,FALSE)&"("&VLOOKUP(V62,'자율관 배정 R1'!$B:$E,2,FALSE)&")","") -> 박지민(11) | W63: =IFERROR(VLOOKUP(W62,'자율관 배정 R1'!$B:$F,3,FALSE)&"("&VLOOKUP(W62,'자율관 배정 R1'!$B:$E,2,FALSE)&")","") -> 신은서(12) | X63: =IFERROR(VLOOKUP(X62,'자율관 배정 R1'!$B:$F,3,FALSE)&"("&VLOOKUP(X62,'자율관 배정 R1'!$B:$E,2,FALSE)&")","") -> 안현빈(11) | Y63: =IFERROR(VLOOKUP(Y62,'자율관 배정 R1'!$B:$F,3,FALSE)&"("&VLOOKUP(Y62,'자율관 배정 R1'!$B:$E,2,FALSE)&")","") -> 윤시아(12) | Z63: =IFERROR(VLOOKUP(Z62,'자율관 배정 R1'!$B:$F,3,FALSE)&"("&VLOOKUP(Z62,'자율관 배정 R1'!$B:$E,2,FALSE)&")","") -> 이정음(11) | AB63: =IFERROR(VLOOKUP(AB62,'자율관 배정 R1'!$B:$F,3,FALSE)&"("&VLOOKUP(AB62,'자율관 배정 R1'!$B:$E,2,FALSE)&")","") -> 전소윤(11) | AC63: =IFERROR(VLOOKUP(AC62,'자율관 배정 R1'!$B:$F,3,FALSE)&"("&VLOOKUP(AC62,'자율관 배정 R1'!$B:$E,2,FALSE)&")","") -> 박주혜(12) | AD63: =IFERROR(VLOOKUP(AD62,'자율관 배정 R1'!$B:$F,3,FALSE)&"("&VLOOKUP(AD62,'자율관 배정 R1'!$B:$E,2,FALSE)&")","") -> 우효아(4) | AE63: =IFERROR(VLOOKUP(AE62,'자율관 배정 R1'!$B:$F,3,FALSE)&"("&VLOOKUP(AE62,'자율관 배정 R1'!$B:$E,2,FALSE)&")","") -> 조유진(11) | AF63: =IFERROR(VLOOKUP(AF62,'자율관 배정 R1'!$B:$F,3,FALSE)&"("&VLOOKUP(AF62,'자율관 배정 R1'!$B:$E,2,FALSE)&")","") -> 서지우(12)
F64: =IFERROR(VLOOKUP(F62,'자율관 배정 R1'!$B:$F,5,FALSE)&"","") -> EP면학X | G64: =IFERROR(VLOOKUP(G62,'자율관 배정 R1'!$B:$F,5,FALSE)&"","") -> EP면학X | H64: =IFERROR(VLOOKUP(H62,'자율관 배정 R1'!$B:$F,5,FALSE)&"","") -> EP면학X | V64: =IFERROR(VLOOKUP(V62,'자율관 배정 R1'!$B:$F,5,FALSE)&"","") -> EP면학X | W64: =IFERROR(VLOOKUP(W62,'자율관 배정 R1'!$B:$F,5,FALSE)&"","") -> 기숙사 | X64: =IFERROR(VLOOKUP(X62,'자율관 배정 R1'!$B:$F,5,FALSE)&"","") -> EP면학X | Y64: =IFERROR(VLOOKUP(Y62,'자율관 배정 R1'!$B:$F,5,FALSE)&"","") -> 기숙사 | Z64: =IFERROR(VLOOKUP(Z62,'자율관 배정 R1'!$B:$F,5,FALSE)&"","") -> EP면학X | AB64: =IFERROR(VLOOKUP(AB62,'자율관 배정 R1'!$B:$F,5,FALSE)&"","") -> EP면학X | AC64: =IFERROR(VLOOKUP(AC62,'자율관 배정 R1'!$B:$F,5,FALSE)&"","") -> EP면학X | AD64: =IFERROR(VLOOKUP(AD62,'자율관 배정 R1'!$B:$F,5,FALSE)&"","") -> 기숙사 | AE64: =IFERROR(VLOOKUP(AE62,'자율관 배정 R1'!$B:$F,5,FALSE)&"","") -> EP면학X | AF64: =IFERROR(VLOOKUP(AF62,'자율관 배정 R1'!$B:$F,5,FALSE)&"","") -> EP면학X
Z65: 2D006 | AB65: 2D005 | AC65: 2D004 | AD65: 2D003 | AE65: 2D002 | AF65: 2D001
F66: 2A030 | G66: 2A029 | H66: 2A028 | I66: 2A027 | J66: 2A026 | K66: 2A025 | L66: 2A024 | M66: 2A023 | N66: 2A022 | O66: 2A021 | Z66: =IFERROR(VLOOKUP(Z65,'자율관 배정 R1'!$B:$F,3,FALSE)&"("&VLOOKUP(Z65,'자율관 배정 R1'!$B:$E,2,FALSE)&")","") -> 주민하(11) | AB66: =IFERROR(VLOOKUP(AB65,'자율관 배정 R1'!$B:$F,3,FALSE)&"("&VLOOKUP(AB65,'자율관 배정 R1'!$B:$E,2,FALSE)&")","") -> 우서아(12) | AC66: =IFERROR(VLOOKUP(AC65,'자율관 배정 R1'!$B:$F,3,FALSE)&"("&VLOOKUP(AC65,'자율관 배정 R1'!$B:$E,2,FALSE)&")","") -> 허혜정(11) | AD66: =IFERROR(VLOOKUP(AD65,'자율관 배정 R1'!$B:$F,3,FALSE)&"("&VLOOKUP(AD65,'자율관 배정 R1'!$B:$E,2,FALSE)&")","") -> 이시언(12) | AE66: =IFERROR(VLOOKUP(AE65,'자율관 배정 R1'!$B:$F,3,FALSE)&"("&VLOOKUP(AE65,'자율관 배정 R1'!$B:$E,2,FALSE)&")","") -> () | AF66: =IFERROR(VLOOKUP(AF65,'자율관 배정 R1'!$B:$F,3,FALSE)&"("&VLOOKUP(AF65,'자율관 배정 R1'!$B:$E,2,FALSE)&")","") -> 임예원(12)
F67: =IFERROR(VLOOKUP(F66,'자율관 배정 R1'!$B:$F,3,FALSE)&"("&VLOOKUP(F66,'자율관 배정 R1'!$B:$E,2,FALSE)&")","") -> 김규진(7) | G67: =IFERROR(VLOOKUP(G66,'자율관 배정 R1'!$B:$F,3,FALSE)&"("&VLOOKUP(G66,'자율관 배정 R1'!$B:$E,2,FALSE)&")","") -> 조용준(7) | H67: =IFERROR(VLOOKUP(H66,'자율관 배정 R1'!$B:$F,3,FALSE)&"("&VLOOKUP(H66,'자율관 배정 R1'!$B:$E,2,FALSE)&")","") -> 이영민(3) | I67: =IFERROR(VLOOKUP(I66,'자율관 배정 R1'!$B:$F,3,FALSE)&"("&VLOOKUP(I66,'자율관 배정 R1'!$B:$E,2,FALSE)&")","") -> () | J67: =IFERROR(VLOOKUP(J66,'자율관 배정 R1'!$B:$F,3,FALSE)&"("&VLOOKUP(J66,'자율관 배정 R1'!$B:$E,2,FALSE)&")","") -> () | K67: =IFERROR(VLOOKUP(K66,'자율관 배정 R1'!$B:$F,3,FALSE)&"("&VLOOKUP(K66,'자율관 배정 R1'!$B:$E,2,FALSE)&")","") -> 이상빈(3) | L67: =IFERROR(VLOOKUP(L66,'자율관 배정 R1'!$B:$F,3,FALSE)&"("&VLOOKUP(L66,'자율관 배정 R1'!$B:$E,2,FALSE)&")","") -> 이서준(7) | M67: =IFERROR(VLOOKUP(M66,'자율관 배정 R1'!$B:$F,3,FALSE)&"("&VLOOKUP(M66,'자율관 배정 R1'!$B:$E,2,FALSE)&")","") -> 김동혁(3) | ... O67: =IFERROR(VLOOKUP(O66,'자율관 배정 R1'!$B:$F,3,FALSE)&"("&VLOOKUP(O66,'자율관 배정 R1'!$B:$E,2,FALSE)&")","") -> 구강현(3) | Z67: =IFERROR(VLOOKUP(Z65,'자율관 배정 R1'!$B:$F,5,FALSE)&"","") -> EP면학X | AB67: =IFERROR(VLOOKUP(AB65,'자율관 배정 R1'!$B:$F,5,FALSE)&"","") -> EP면학X | AC67: =IFERROR(VLOOKUP(AC65,'자율관 배정 R1'!$B:$F,5,FALSE)&"","") -> EP면학X | AD67: =IFERROR(VLOOKUP(AD65,'자율관 배정 R1'!$B:$F,5,FALSE)&"","") -> EP면학X | AE67: =IFERROR(VLOOKUP(AE65,'자율관 배정 R1'!$B:$F,5,FALSE)&"","") | AF67: =IFERROR(VLOOKUP(AF65,'자율관 배정 R1'!$B:$F,5,FALSE)&"","") -> 기숙사
F68: =IFERROR(VLOOKUP(F66,'자율관 배정 R1'!$B:$F,5,FALSE)&"","") -> 월화수목 | G68: =IFERROR(VLOOKUP(G66,'자율관 배정 R1'!$B:$F,5,FALSE)&"","") -> EP면학X | H68: =IFERROR(VLOOKUP(H66,'자율관 배정 R1'!$B:$F,5,FALSE)&"","") -> EP면학X | I68: =IFERROR(VLOOKUP(I66,'자율관 배정 R1'!$B:$F,5,FALSE)&"","") | J68: =IFERROR(VLOOKUP(J66,'자율관 배정 R1'!$B:$F,5,FALSE)&"","") | K68: =IFERROR(VLOOKUP(K66,'자율관 배정 R1'!$B:$F,5,FALSE)&"","") -> EP면학X | L68: =IFERROR(VLOOKUP(L66,'자율관 배정 R1'!$B:$F,5,FALSE)&"","") -> EP면학X | M68: =IFERROR(VLOOKUP(M66,'자율관 배정 R1'!$B:$F,5,FALSE)&"","") -> EP면학X | ... O68: =IFERROR(VLOOKUP(O66,'자율관 배정 R1'!$B:$F,5,FALSE)&"","") -> EP면학X
F69: 2A020 | G69: 2A019 | H69: 2A018 | I69: 2A017 | J69: 2A016 | K69: 2A015 | L69: 2A014 | M69: 2A013 | N69: 2A012 | O69: 2A011 | Q69: 주 출입구
F70: =IFERROR(VLOOKUP(F69,'자율관 배정 R1'!$B:$F,3,FALSE)&"("&VLOOKUP(F69,'자율관 배정 R1'!$B:$E,2,FALSE)&")","") -> 김민성(1) | G70: =IFERROR(VLOOKUP(G69,'자율관 배정 R1'!$B:$F,3,FALSE)&"("&VLOOKUP(G69,'자율관 배정 R1'!$B:$E,2,FALSE)&")","") -> 이준석(2) | H70: =IFERROR(VLOOKUP(H69,'자율관 배정 R1'!$B:$F,3,FALSE)&"("&VLOOKUP(H69,'자율관 배정 R1'!$B:$E,2,FALSE)&")","") -> 박상윤(7) | I70: =IFERROR(VLOOKUP(I69,'자율관 배정 R1'!$B:$F,3,FALSE)&"("&VLOOKUP(I69,'자율관 배정 R1'!$B:$E,2,FALSE)&")","") -> 유호성(2) | J70: =IFERROR(VLOOKUP(J69,'자율관 배정 R1'!$B:$F,3,FALSE)&"("&VLOOKUP(J69,'자율관 배정 R1'!$B:$E,2,FALSE)&")","") -> 김민상(1) | K70: =IFERROR(VLOOKUP(K69,'자율관 배정 R1'!$B:$F,3,FALSE)&"("&VLOOKUP(K69,'자율관 배정 R1'!$B:$E,2,FALSE)&")","") -> 유동훈(2) | L70: =IFERROR(VLOOKUP(L69,'자율관 배정 R1'!$B:$F,3,FALSE)&"("&VLOOKUP(L69,'자율관 배정 R1'!$B:$E,2,FALSE)&")","") -> 강민성(7) | M70: =IFERROR(VLOOKUP(M69,'자율관 배정 R1'!$B:$F,3,FALSE)&"("&VLOOKUP(M69,'자율관 배정 R1'!$B:$E,2,FALSE)&")","") -> 오서원(2) | ... O70: =IFERROR(VLOOKUP(O69,'자율관 배정 R1'!$B:$F,3,FALSE)&"("&VLOOKUP(O69,'자율관 배정 R1'!$B:$E,2,FALSE)&")","") -> 류현찬(2)
F71: =IFERROR(VLOOKUP(F69,'자율관 배정 R1'!$B:$F,5,FALSE)&"","") -> EP면학X | G71: =IFERROR(VLOOKUP(G69,'자율관 배정 R1'!$B:$F,5,FALSE)&"","") -> EP면학X | H71: =IFERROR(VLOOKUP(H69,'자율관 배정 R1'!$B:$F,5,FALSE)&"","") -> EP면학X | I71: =IFERROR(VLOOKUP(I69,'자율관 배정 R1'!$B:$F,5,FALSE)&"","") -> EP면학X | J71: =IFERROR(VLOOKUP(J69,'자율관 배정 R1'!$B:$F,5,FALSE)&"","") -> EP면학X | K71: =IFERROR(VLOOKUP(K69,'자율관 배정 R1'!$B:$F,5,FALSE)&"","") -> EP면학X | L71: =IFERROR(VLOOKUP(L69,'자율관 배정 R1'!$B:$F,5,FALSE)&"","") -> EP면학X | M71: =IFERROR(VLOOKUP(M69,'자율관 배정 R1'!$B:$F,5,FALSE)&"","") -> EP면학X | ... O71: =IFERROR(VLOOKUP(O69,'자율관 배정 R1'!$B:$F,5,FALSE)&"","") -> EP면학X
E73: 2A010 | F73: 2A009 | G73: 2A008 | H73: 2A007 | I73: 2A006 | J73: 2A005 | K73: 2A004 | L73: 2A003 | M73: 2A002 | N73: 2A001
E74: =IFERROR(VLOOKUP(E73,'자율관 배정 R1'!$B:$F,3,FALSE)&"("&VLOOKUP(E73,'자율관 배정 R1'!$B:$E,2,FALSE)&")","") -> 최기현(1) | F74: =IFERROR(VLOOKUP(F73,'자율관 배정 R1'!$B:$F,3,FALSE)&"("&VLOOKUP(F73,'자율관 배정 R1'!$B:$E,2,FALSE)&")","") -> 정승수(2) | G74: =IFERROR(VLOOKUP(G73,'자율관 배정 R1'!$B:$F,3,FALSE)&"("&VLOOKUP(G73,'자율관 배정 R1'!$B:$E,2,FALSE)&")","") -> 강진규(2) | H74: =IFERROR(VLOOKUP(H73,'자율관 배정 R1'!$B:$F,3,FALSE)&"("&VLOOKUP(H73,'자율관 배정 R1'!$B:$E,2,FALSE)&")","") -> 김도현(3) | I74: =IFERROR(VLOOKUP(I73,'자율관 배정 R1'!$B:$F,3,FALSE)&"("&VLOOKUP(I73,'자율관 배정 R1'!$B:$E,2,FALSE)&")","") -> 김동현(3) | J74: =IFERROR(VLOOKUP(J73,'자율관 배정 R1'!$B:$F,3,FALSE)&"("&VLOOKUP(J73,'자율관 배정 R1'!$B:$E,2,FALSE)&")","") -> 이선재(6) | K74: =IFERROR(VLOOKUP(K73,'자율관 배정 R1'!$B:$F,3,FALSE)&"("&VLOOKUP(K73,'자율관 배정 R1'!$B:$E,2,FALSE)&")","") -> 허현수(3) | L74: =IFERROR(VLOOKUP(L73,'자율관 배정 R1'!$B:$F,3,FALSE)&"("&VLOOKUP(L73,'자율관 배정 R1'!$B:$E,2,FALSE)&")","") -> 송정우(4) | ... N74: =IFERROR(VLOOKUP(N73,'자율관 배정 R1'!$B:$F,3,FALSE)&"("&VLOOKUP(N73,'자율관 배정 R1'!$B:$E,2,FALSE)&")","") -> 김정인(2)
E75: =IFERROR(VLOOKUP(E73,'자율관 배정 R1'!$B:$F,5,FALSE)&"","") -> 월화수목 | F75: =IFERROR(VLOOKUP(F73,'자율관 배정 R1'!$B:$F,5,FALSE)&"","") -> 기숙사 | G75: =IFERROR(VLOOKUP(G73,'자율관 배정 R1'!$B:$F,5,FALSE)&"","") -> EP면학X | H75: =IFERROR(VLOOKUP(H73,'자율관 배정 R1'!$B:$F,5,FALSE)&"","") -> 월화수목 | I75: =IFERROR(VLOOKUP(I73,'자율관 배정 R1'!$B:$F,5,FALSE)&"","") -> EP면학X | J75: =IFERROR(VLOOKUP(J73,'자율관 배정 R1'!$B:$F,5,FALSE)&"","") -> EP면학X | K75: =IFERROR(VLOOKUP(K73,'자율관 배정 R1'!$B:$F,5,FALSE)&"","") -> 기숙사 | L75: =IFERROR(VLOOKUP(L73,'자율관 배정 R1'!$B:$F,5,FALSE)&"","") -> 기숙사 | ... N75: =IFERROR(VLOOKUP(N73,'자율관 배정 R1'!$B:$F,5,FALSE)&"","") -> EP면학X

Sheet 자율관 배정 R1
B2: 자리번호 | C2: HR | D2: 이름 | E2: 성별 | F2: 면학 요일 | G2: 기숙사
B3: 2A001 | C3: 2 | D3: 김정인 | F3: EP면학X
B4: 2A002 | C4: 4 | D4: 이준희 | F4: 기숙사
B5: 2A003 | C5: 4 | D5: 송정우 | F5: 기숙사
B6: 2A004 | C6: 3 | D6: 허현수 | F6: 기숙사
B7: 2A005 | C7: 6 | D7: 이선재 | F7: EP면학X
B8: 2A006 | C8: 3 | D8: 김동현 | F8: EP면학X
B9: 2A007 | C9: 3 | D9: 김도현 | F9: 월화수목
B10: 2A008 | C10: 2 | D10: 강진규 | F10: EP면학X
B11: 2A009 | C11: 2 | D11: 정승수 | F11: 기숙사 | I11: 2 | J11: 강진규 | L11: EP면학X
B12: 2A010 | C12: 1 | D12: 최기현 | F12: 월화수목
B13: 2A011 | C13: 2 | D13: 류현찬 | F13: EP면학X
B14: 2A012 | C14: 6 | D14: 박민호 | F14: EP면학X
B15: 2A013 | C15: 2 | D15: 오서원 | F15: EP면학X
B16: 2A014 | C16: 7 | D16: 강민성 | F16: EP면학X
B17: 2A015 | C17: 2 | D17: 유동훈 | F17: EP면학X
B18: 2A016 | C18: 1 | D18: 김민상 | F18: EP면학X
B19: 2A017 | C19: 2 | D19: 유호성 | F19: EP면학X
B20: 2A018 | C20: 7 | D20: 박상윤 | F20: EP면학X
B21: 2A019 | C21: 2 | D21: 이준석 | F21: EP면학X
B22: 2A020 | C22: 1 | D22: 김민성 | F22: EP면학X
B23: 2A021 | C23: 3 | D23: 구강현 | F23: EP면학X
... B27: 2A025 | C27: 3 | D27: 이상빈 | F27: EP면학X
B28: 2A026
B29: 2A027
B30: 2A028 | C30: 3 | D30: 이영민 | F30: EP면학X
B31: 2A029 | C31: 7 | D31: 조용준 | F31: EP면학X
B32: 2A030 | C32: 7 | D32: 김규진 | F32: 월화수목
B33: 2A031 | C33: 4 | D33: 이현진 | F33: EP면학X
B34: 2A032 | C34: 8 | D34: 고은율 | F34: EP면학X
B35: 2A033 | C35: 4 | D35: 이후민 | F35: EP면학X
B36: 2A034 | C36: 1 | D36: 박채환 | F36: EP면학X
B37: 2A035 | C37: 8 | D37: 성재용 | F37: EP면학X
B38: 2A036 | C38: 4 | D38: 조석현 | F38: EP면학X
B39: 2A037 | C39: 5 | D39: 김세현 | F39: EP면학X
B40: 2A038 | C40: 7 | D40: 홍정원 | F40: EP면학X
B41: 2A039 | C41: 5 | D41: 김승언 | F41: EP면학X
... B68: 2A066 | C68: 5 | D68: 박진표 | F68: 기숙사
B69: 2A067
B70: 2A068 | C70: 5 | D70: 신준우 | F70: 기숙사
B71: 2A069 | C71: 6 | D71: 최동인 | F71: EP면학X
B72: 2A070 | C72: 5 | D72: 이예찬 | F72: 기숙사
B73: 2A071
B74: 2A072 | C74: 5 | D74: 이호찬 | F74: 기숙사
B75: 2A073 | C75: 7 | D75: 국건 | F75: EP면학X
B76: 2A074 | C76: 5 | D76: 주한재 | F76: 기숙사
B77: 2A075
B78: 2A076 | C78: 6 | D78: 김형우 | F78: 월화수목
B79: 2A077
B80: 2A078 | C80: 6 | D80: 방재원 | F80: 기숙사
B81: 2A079 | C81: 7 | D81: 박상훈 | F81: 월화수목
B82: 2A080 | C82: 6 | D82: 손이동 | F82: EP면학X
B83: 2A081
B84: 2A082 | C84: 6 | D84: 신현서 | F84: 월화수목
B85: 2A083 | C85: 7 | D85: 장민훈 | F85: EP면학X
B86: 2A084 | C86: 6 | D86: 오민석 | F86: 기숙사
B87: 2A085
B88: 2A086 | C88: 6 | D88: 이송현 | F88: 기숙사
B89: 2A087 | C89: 7 | D89: 한서준 | F89: EP면학X
B90: 2A088 | C90: 6 | D90: 이지호 | F90: 기숙사
B91: 2A089
B92: 2A090 | C92: 7 | D92: 김민석 | F92: 기숙사
B93: 2A091
B94: 2A092 | C94: 7 | D94: 박찬빈 | F94: 기숙사
B95: 2A093
B96: 2A094 | C96: 7 | D96: 손민준 | F96: 기숙사
B97: 2A095 | C97: 8 | D97: 구본욱 | F97: EP면학X
B98: 2A096 | C98: 7 | D98: 윤찬빈 | F98: 기숙사
B99: 2A097
B100: 2A098 | C100: 7 | D100: 이윤서 | F100: 화수목
B101: 2A099
B102: 2A100 | C102: 7 | D102: 최동혁 | F102: 월화수목
B103: 2A101 | C103: 8 | D103: 선규민 | F103: EP면학X
B104: 2A102 | C104: 7 | D104: 최영운 | F104: 기숙사
B105: 2A103
B106: 2A104 | C106: 8 | D106: 강은혁 | F106: 기숙사
B107: 2A105 | C107: 8 | D107: 윤재혁 | F107: EP면학X
B108: 2A106 | C108: 8 | D108: 김동언 | F108: 기숙사
B109: 2A107
B110: 2A108 | C110: 8 | D110: 박동빈 | F110: 기숙사
B111: 2A109
B112: 2A110 | C112: 8 | D112: 이주형 | F112: 기숙사
B113: 2A111
B114: 2A112 | C114: 8 | D114: 장성욱 | F114: 기숙사
B115: 2A113 | C115: 8 | D115: 한병훈 | F115: 월화목
B116: 2A114 | C116: 9 | D116: 박승호 | F116: 기숙사
B117: 2A115
B118: 2A116 | C118: 9 | D118: 전수현 | F118: 월화수목
B119: 2A117
B120: 2A118 | C120: 10 | D120: 이세준 | F120: 기숙사
B121: 2A119 | C121: 9 | D121: 이준서 | F121: EP면학X
B122: 2A120 | C122: 10 | D122: 황찬휘 | F122: EP면학X
B123: 2A121
B124: 2A122 | C124: 11 | D124: 강상원 | F124: 기숙사
B125: 2A123 | C125: 9 | D125: 최시원 | F125: EP면학X
B126: 2A124 | C126: 11 | D126: 이은성 | F126: 기숙사
B127: 2A125 | C127: 10 | D127: 금성 | F127: EP면학X
B128: 2A126 | C128: 11 | D128: 장현진 | F128: 기숙사
B129: 2A127 | C129: 10 | D129: 김준휘 | F129: EP면학X
B130: 2A128 | C130: 12 | D130: 곽형원 | F130: 기숙사
...

Sheet ET 시간 배정
B1: 자리번호 | C1: HR | D1: 이름 | E1: 학번 | F1: 성별 | G1: 비고
A2: 210824 | B2: 4A002 | C2: 8 | D2: 이효민 | E2: 210824
A3: 210826 | B3: 4A004 | C3: 8 | D3: 전규진 | E3: 210826
A4: 210827 | B4: 4A006 | C4: 8 | D4: 정래영 | E4: 210827
A5: 210829 | B5: 4A008 | C5: 8 | D5: 조성민 | E5: 210829
A6: 210830 | B6: 4A010 | C6: 8 | D6: 최은성 | E6: 210830
A7: 210831 | B7: 4A012 | C7: 8 | D7: 최진우 | E7: 210831
A8: 210832 | B8: 4A014 | C8: 8 | D8: 황유민 | E8: 210832
A9: 210905 | B9: 4A016 | C9: 9 | D9: 구본현 | E9: 210905
A10: 210909 | B10: 4A018 | C10: 9 | D10: 김민준 | E10: 210909
A11: 210911 | B11: 4A020 | C11: 9 | D11: 김세빈 | E11: 210911
A12: 210916 | B12: 4A022 | C12: 9 | D12: 박지민 | E12: 210916
A13: 210918 | B13: 4A024 | C13: 9 | D13: 서아열 | E13: 210918
... A66: 211228 | B66: 4A130 | C66: 12 | D66: 황하빈 | E66: 211228
B67: 4A132
B68: 4A134
A69: 210101 | B69: 4B002 | C69: 1 | D69: 강고은 | E69: 210101
A70: 210102 | B70: 4B004 | C70: 1 | D70: 강다연 | E70: 210102
A71: 210103 | B71: 4B006 | C71: 1 | D71: 강다은 | E71: 210103
A72: 210104 | B72: 4B008 | C72: 1 | D72: 김가현 | E72: 210104
A73: 210105 | B73: 4B010 | C73: 1 | D73: 김나은 | E73: 210105
A74: 210109 | B74: 4B012 | C74: 1 | D74: 김지은 | E74: 210109
A75: 210110 | B75: 4B014 | C75: 1 | D75: 남시윤 | E75: 210110
A76: 210112 | B76: 4B016 | C76: 1 | D76: 문시연 | E76: 210112
A77: 210113 | B77: 4B018 | C77: 1 | D77: 박선미 | E77: 210113
A78: 210114 | B78: 4B020 | C78: 1 | D78: 박유빈 | E78: 210114
A79: 210115 | B79: 4B022 | C79: 1 | D79: 석정인 | E79: 210115
A80: 210116 | B80: 4B024 | C80: 1 | D80: 성혜린 | E80: 210116
... A184: 211030 | B184: 4D117 | C184: 10 | D184: 한현진 | E184: 211030
B185: 4D119
B186: 4D121
B187: C306-1
B188: C306-2
B189: C306-3
B190: C306-4
B191: C306-5
B192: C306-6
B193: C306-7
B194: C306-8
B195: C306-9
B196: C306-10
... B377: A308-30

Sheet 면학관 4층
B1: 면학관 4층 배치도
B5: 4B079 | C5: 4B078 | D5: 4B077 | E5: 4B076 | F5: 4B075 | H5: 4B074 | I5: 4B073 | J5: 4B072 | K5: 4B071 | L5: 4B070 | N5: 4B069 | O5: 4B068 | P5: 4B067 | Q5: 4B066 | R5: 4B065 | S5: 4B064 | T5: 4B063 | V5: 4C035 | W5: 4C034 | X5: 4C033 | Z5: 4C032 | AA5: 4C031 | AB5: 4C030 | AC5: 4C029 | AD5: 4C028
B6: =IFERROR(VLOOKUP(B5,'ET 시간 배정'!$B:$F,3,FALSE)&"("&VLOOKUP(B5,'ET 시간 배정'!$B:$F,2,FALSE)&")","") | C6: =IFERROR(VLOOKUP(C5,'ET 시간 배정'!$B:$F,3,FALSE)&"("&VLOOKUP(C5,'ET 시간 배정'!$B:$F,2,FALSE)&")","") -> 구도연(9) | D6: =IFERROR(VLOOKUP(D5,'ET 시간 배정'!$B:$F,3,FALSE)&"("&VLOOKUP(D5,'ET 시간 배정'!$B:$F,2,FALSE)&")","") | E6: =IFERROR(VLOOKUP(E5,'ET 시간 배정'!$B:$F,3,FALSE)&"("&VLOOKUP(E5,'ET 시간 배정'!$B:$F,2,FALSE)&")","") -> 곽은규(9) | F6: =IFERROR(VLOOKUP(F5,'ET 시간 배정'!$B:$F,3,FALSE)&"("&VLOOKUP(F5,'ET 시간 배정'!$B:$F,2,FALSE)&")","") | H6: =IFERROR(VLOOKUP(H5,'ET 시간 배정'!$B:$F,3,FALSE)&"("&VLOOKUP(H5,'ET 시간 배정'!$B:$F,2,FALSE)&")","") -> 공은비(9) | I6: =IFERROR(VLOOKUP(I5,'ET 시간 배정'!$B:$F,3,FALSE)&"("&VLOOKUP(I5,'ET 시간 배정'!$B:$F,2,FALSE)&")","") | J6: =IFERROR(VLOOKUP(J5,'ET 시간 배정'!$B:$F,3,FALSE)&"("&VLOOKUP(J5,'ET 시간 배정'!$B:$F,2,FALSE)&")","") -> 강승현(9) | K6: =IFERROR(VLOOKUP(K5,'ET 시간 배정'!$B:$F,3,FALSE)&"("&VLOOKUP(K5,'ET 시간 배정'!$B:$F,2,FALSE)&")","") | L6: =IFERROR(VLOOKUP(L5,'ET 시간 배정'!$B:$F,3,FALSE)&"("&VLOOKUP(L5,'ET 시간 배정'!$B:$F,2,FALSE)&")","") -> 정윤주(8) | N6: =IFERROR(VLOOKUP(N5,'ET 시간 배정'!$B:$F,3,FALSE)&"("&VLOOKUP(N5,'ET 시간 배정'!$B:$F,2,FALSE)&")","") | O6: =IFERROR(VLOOKUP(O5,'ET 시간 배정'!$B:$F,3,FALSE)&"("&VLOOKUP(O5,'ET 시간 배정'!$B:$F,2,FALSE)&")","") -> 임효진(8) | P6: =IFERROR(VLOOKUP(P5,'ET 시간 배정'!$B:$F,3,FALSE)&"("&VLOOKUP(P5,'ET 시간 배정'!$B:$F,2,FALSE)&")","") | Q6: =IFERROR(VLOOKUP(Q5,'ET 시간 배정'!$B:$F,3,FALSE)&"("&VLOOKUP(Q5,'ET 시간 배정'!$B:$F,2,FALSE)&")","") -> 이태윤(8) | R6: =IFERROR(VLOOKUP(R5,'ET 시간 배정'!$B:$F,3,FALSE)&"("&VLOOKUP(R5,'ET 시간 배정'!$B:$F,2,FALSE)&")","") | S6: =IFERROR(VLOOKUP(S5,'ET 시간 배정'!$B:$F,3,FALSE)&"("&VLOOKUP(S5,'ET 시간 배정'!$B:$F,2,FALSE)&")","") -> 이지연(8) | T6: =IFERROR(VLOOKUP(T5,'ET 시간 배정'!$B:$F,3,FALSE)&"("&VLOOKUP(T5,'ET 시간 배정'!$B:$F,2,FALSE)&")","") | V6: =IFERROR(VLOOKUP(V5,'ET 시간 배정'!$B:$F,3,FALSE)&"("&VLOOKUP(V5,'ET 시간 배정'!$B:$F,2,FALSE)&")","") | W6: =IFERROR(VLOOKUP(W5,'ET 시간 배정'!$B:$F,3,FALSE)&"("&VLOOKUP(W5,'ET 시간 배정'!$B:$F,2,FALSE)&")","") -> 이여명(8) | X6: =IFERROR(VLOOKUP(X5,'ET 시간 배정'!$B:$F,3,FALSE)&"("&VLOOKUP(X5,'ET 시간 배정'!$B:$F,2,FALSE)&")","") | Z6: =IFERROR(VLOOKUP(Z5,'ET 시간 배정'!$B:$F,3,FALSE)&"("&VLOOKUP(Z5,'ET 시간 배정'!$B:$F,2,FALSE)&")","") -> 우성민(8) | AA6: =IFERROR(VLOOKUP(AA5,'ET 시간 배정'!$B:$F,3,FALSE)&"("&VLOOKUP(AA5,'ET 시간 배정'!$B:$F,2,FALSE)&")","") | AB6: =IFERROR(VLOOKUP(AB5,'ET 시간 배정'!$B:$F,3,FALSE)&"("&VLOOKUP(AB5,'ET 시간 배정'!$B:$F,2,FALSE)&")","") -> 서장원(8) | AC6: =IFERROR(VLOOKUP(AC5,'ET 시간 배정'!$B:$F,3,FALSE)&"("&VLOOKUP(AC5,'ET 시간 배정'!$B:$F,2,FALSE)&")","") | AD6: =IFERROR(VLOOKUP(AD5,'ET 시간 배정'!$B:$F,3,FALSE)&"("&VLOOKUP(AD5,'ET 시간 배정'!$B:$F,2,FALSE)&")","") -> 김영환(8)
B7: 4B062 | C7: 4B061 | D7: 4B060 | E7: 4B059 | F7: 4B058 | H7: 4B057 | I7: 4B056 | J7: 4B055 | K7: 4B054 | L7: 4B053 | N7: 4B052 | O7: 4B051 | P7: 4B050 | Q7: 4B049 | R7: 4B048 | S7: 4B047 | T7: 4B046 | V7: 4C027 | W7: 4C026 | X7: 4C025 | Z7: 4C024 | AA7: 4C023 | AB7: 4C022 | AC7: 4C021 | AD7: 4C020
B8: =IFERROR(VLOOKUP(B7,'ET 시간 배정'!$B:$F,3,FALSE)&"("&VLOOKUP(B7,'ET 시간 배정'!$B:$F,2,FALSE)&")","") -> 육다희(8) | C8: =IFERROR(VLOOKUP(C7,'ET 시간 배정'!$B:$F,3,FALSE)&"("&VLOOKUP(C7,'ET 시간 배정'!$B:$F,2,FALSE)&")","") | D8: =IFERROR(VLOOKUP(D7,'ET 시간 배정'!$B:$F,3,FALSE)&"("&VLOOKUP(D7,'ET 시간 배정'!$B:$F,2,FALSE)&")","") -> 오연서(8) | E8: =IFERROR(VLOOKUP(E7,'ET 시간 배정'!$B:$F,3,FALSE)&"("&VLOOKUP(E7,'ET 시간 배정'!$B:$F,2,FALSE)&")","") | F8: =IFERROR(VLOOKUP(F7,'ET 시간 배정'!$B:$F,3,FALSE)&"("&VLOOKUP(F7,'ET 시간 배정'!$B:$F,2,FALSE)&")","") -> 양지혜(8) | H8: =IFERROR(VLOOKUP(H7,'ET 시간 배정'!$B:$F,3,FALSE)&"("&VLOOKUP(H7,'ET 시간 배정'!$B:$F,2,FALSE)&")","") | I8: =IFERROR(VLOOKUP(I7,'ET 시간 배정'!$B:$F,3,FALSE)&"("&VLOOKUP(I7,'ET 시간 배정'!$B:$F,2,FALSE)&")","") -> 심서진(8) | J8: =IFERROR(VLOOKUP(J7,'ET 시간 배정'!$B:$F,3,FALSE)&"("&VLOOKUP(J7,'ET 시간 배정'!$B:$F,2,FALSE)&")","") | K8: =IFERROR(VLOOKUP(K7,'ET 시간 배정'!$B:$F,3,FALSE)&"("&VLOOKUP(K7,'ET 시간 배정'!$B:$F,2,FALSE)&")","") -> 송예은(8) | L8: =IFERROR(VLOOKUP(L7,'ET 시간 배정'!$B:$F,3,FALSE)&"("&VLOOKUP(L7,'ET 시간 배정'!$B:$F,2,FALSE)&")","") | N8: =IFERROR(VLOOKUP(N7,'ET 시간 배정'!$B:$F,3,FALSE)&"("&VLOOKUP(N7,'ET 시간 배정'!$B:$F,2,FALSE)&")","") -> 손민서(8) | O8: =IFERROR(VLOOKUP(O7,'ET 시간 배정'!$B:$F,3,FALSE)&"("&VLOOKUP(O7,'ET 시간 배정'!$B:$F,2,FALSE)&")","") | P8: =IFERROR(VLOOKUP(P7,'ET 시간 배정'!$B:$F,3,FALSE)&"("&VLOOKUP(P7,'ET 시간 배정'!$B:$F,2,FALSE)&")","") -> 박수연(8) | Q8: =IFERROR(VLOOKUP(Q7,'ET 시간 배정'!$B:$F,3,FALSE)&"("&VLOOKUP(Q7,'ET 시간 배정'!$B:$F,2,FALSE)&")","") | R8: =IFERROR(VLOOKUP(R7,'ET 시간 배정'!$B:$F,3,FALSE)&"("&VLOOKUP(R7,'ET 시간 배정'!$B:$F,2,FALSE)&")","") -> 박수민(8) | S8: =IFERROR(VLOOKUP(S7,'ET 시간 배정'!$B:$F,3,FALSE)&"("&VLOOKUP(S7,'ET 시간 배정'!$B:$F,2,FALSE)&")","") | T8: =IFERROR(VLOOKUP(T7,'ET 시간 배정'!$B:$F,3,FALSE)&"("&VLOOKUP(T7,'ET 시간 배정'!$B:$F,2,FALSE)&")","") -> 김세은(8) | V8: =IFERROR(VLOOKUP(V7,'ET 시간 배정'!$B:$F,3,FALSE)&"("&VLOOKUP(V7,'ET 시간 배정'!$B:$F,2,FALSE)&")","") -> 김상민(8) | W8: =IFERROR(VLOOKUP(W7,'ET 시간 배정'!$B:$F,3,FALSE)&"("&VLOOKUP(W7,'ET 시간 배정'!$B:$F,2,FALSE)&")","") | X8: =IFERROR(VLOOKUP(X7,'ET 시간 배정'!$B:$F,3,FALSE)&"("&VLOOKUP(X7,'ET 시간 배정'!$B:$F,2,FALSE)&")","") -> 김린우(8) | Z8: =IFERROR(VLOOKUP(Z7,'ET 시간 배정'!$B:$F,3,FALSE)&"("&VLOOKUP(Z7,'ET 시간 배정'!$B:$F,2,FALSE)&")","") | AA8: =IFERROR(VLOOKUP(AA7,'ET 시간 배정'!$B:$F,3,FALSE)&"("&VLOOKUP(AA7,'ET 시간 배정'!$B:$F,2,FALSE)&")","") -> 김도임(8) | AB8: =IFERROR(VLOOKUP(AB7,'ET 시간 배정'!$B:$F,3,FALSE)&"("&VLOOKUP(AB7,'ET 시간 배정'!$B:$F,2,FALSE)&")","") | AC8: =IFERROR(VLOOKUP(AC7,'ET 시간 배정'!$B:$F,3,FALSE)&"("&VLOOKUP(AC7,'ET 시간 배정'!$B:$F,2,FALSE)&")","") -> 권원재(8) | AD8: =IFERROR(VLOOKUP(AD7,'ET 시간 배정'!$B:$F,3,FALSE)&"("&VLOOKUP(AD7,'ET 시간 배정'!$B:$F,2,FALSE)&")","")
B10: 4B045 | C10: 4B044 | D10: 4B043 | E10: 4B042 | F10: 4B041 | H10: 4B040 | I10: 4B039 | J10: 4B038 | K10: 4B037 | L10: 4B036 | N10: 4B035 | O10: 4B034 | P10: 4B033 | Q10: 4B032 | R10: 4B031 | S10: 4B030 | T10: 4B029 | V10: 4C019 | W10: 4C018 | X10: 4C017 | Z10: 4C016 | AA10: 4C015 | AB10: 4C014 | AC10: 4C013 | AD10: 4C012
B11: =IFERROR(VLOOKUP(B10,'ET 시간 배정'!$B:$F,3,FALSE)&"("&VLOOKUP(B10,'ET 시간 배정'!$B:$F,2,FALSE)&")","") | C11: =IFERROR(VLOOKUP(C10,'ET 시간 배정'!$B:$F,3,FALSE)&"("&VLOOKUP(C10,'ET 시간 배정'!$B:$F,2,FALSE)&")","") -> 김민주(8) | D11: =IFERROR(VLOOKUP(D10,'ET 시간 배정'!$B:$F,3,FALSE)&"("&VLOOKUP(D10,'ET 시간 배정'!$B:$F,2,FALSE)&")","") | E11: =IFERROR(VLOOKUP(E10,'ET 시간 배정'!$B:$F,3,FALSE)&"("&VLOOKUP(E10,'ET 시간 배정'!$B:$F,2,FALSE)&")","") -> 김려원(8) | F11: =IFERROR(VLOOKUP(F10,'ET 시간 배정'!$B:$F,3,FALSE)&"("&VLOOKUP(F10,'ET 시간 배정'!$B:$F,2,FALSE)&")","") | H11: =IFERROR(VLOOKUP(H10,'ET 시간 배정'!$B:$F,3,FALSE)&"("&VLOOKUP(H10,'ET 시간 배정'!$B:$F,2,FALSE)&")","") -> 김도연(8) | I11: =IFERROR(VLOOKUP(I10,'ET 시간 배정'!$B:$F,3,FALSE)&"("&VLOOKUP(I10,'ET 시간 배정'!$B:$F,2,FALSE)&")","") | J11: =IFERROR(VLOOKUP(J10,'ET 시간 배정'!$B:$F,3,FALSE)&"("&VLOOKUP(J10,'ET 시간 배정'!$B:$F,2,FALSE)&")","") -> 홍찬미(1) | K11: =IFERROR(VLOOKUP(K10,'ET 시간 배정'!$B:$F,3,FALSE)&"("&VLOOKUP(K10,'ET 시간 배정'!$B:$F,2,FALSE)&")","") | L11: =IFERROR(VLOOKUP(L10,'ET 시간 배정'!$B:$F,3,FALSE)&"("&VLOOKUP(L10,'ET 시간 배정'!$B:$F,2,FALSE)&")","") -> 하지민(1) | N11: =IFERROR(VLOOKUP(N10,'ET 시간 배정'!$B:$F,3,FALSE)&"("&VLOOKUP(N10,'ET 시간 배정'!$B:$F,2,FALSE)&")","") | O11: =IFERROR(VLOOKUP(O10,'ET 시간 배정'!$B:$F,3,FALSE)&"("&VLOOKUP(O10,'ET 시간 배정'!$B:$F,2,FALSE)&")","") -> 차연우(1) | P11: =IFERROR(VLOOKUP(P10,'ET 시간 배정'!$B:$F,3,FALSE)&"("&VLOOKUP(P10,'ET 시간 배정'!$B:$F,2,FALSE)&")","") | Q11: =IFERROR(VLOOKUP(Q10,'ET 시간 배정'!$B:$F,3,FALSE)&"("&VLOOKUP(Q10,'ET 시간 배정'!$B:$F,2,FALSE)&")","") -> 우정원(1) | R11: =IFERROR(VLOOKUP(R10,'ET 시간 배정'!$B:$F,3,FALSE)&"("&VLOOKUP(R10,'ET 시간 배정'!$B:$F,2,FALSE)&")","") | S11: =IFERROR(VLOOKUP(S10,'ET 시간 배정'!$B:$F,3,FALSE)&"("&VLOOKUP(S10,'ET 시간 배정'!$B:$F,2,FALSE)&")","") -> 심은서(1) | T11: =IFERROR(VLOOKUP(T10,'ET 시간 배정'!$B:$F,3,FALSE)&"("&VLOOKUP(T10,'ET 시간 배정'!$B:$F,2,FALSE)&")","") | V11: =IFERROR(VLOOKUP(V10,'ET 시간 배정'!$B:$F,3,FALSE)&"("&VLOOKUP(V10,'ET 시간 배정'!$B:$F,2,FALSE)&")","") | W11: =IFERROR(VLOOKUP(W10,'ET 시간 배정'!$B:$F,3,FALSE)&"("&VLOOKUP(W10,'ET 시간 배정'!$B:$F,2,FALSE)&")","") -> 강태민(8) | X11: =IFERROR(VLOOKUP(X10,'ET 시간 배정'!$B:$F,3,FALSE)&"("&VLOOKUP(X10,'ET 시간 배정'!$B:$F,2,FALSE)&")","") | Z11: =IFERROR(VLOOKUP(Z10,'ET 시간 배정'!$B:$F,3,FALSE)&"("&VLOOKUP(Z10,'ET 시간 배정'!$B:$F,2,FALSE)&")","") -> 황동균(1) | AA11: =IFERROR(VLOOKUP(AA10,'ET 시간 배정'!$B:$F,3,FALSE)&"("&VLOOKUP(AA10,'ET 시간 배정'!$B:$F,2,FALSE)&")","") | AB11: =IFERROR(VLOOKUP(AB10,'ET 시간 배정'!$B:$F,3,FALSE)&"("&VLOOKUP(AB10,'ET 시간 배정'!$B:$F,2,FALSE)&")","") -> 이호찬(1) | AC11: =IFERROR(VLOOKUP(AC10,'ET 시간 배정'!$B:$F,3,FALSE)&"("&VLOOKUP(AC10,'ET 시간 배정'!$B:$F,2,FALSE)&")","") | AD11: =IFERROR(VLOOKUP(AD10,'ET 시간 배정'!$B:$F,3,FALSE)&"("&VLOOKUP(AD10,'ET 시간 배정'!$B:$F,2,FALSE)&")","") -> 이성한(1)
B12: 4B028 | C12: 4B027 | D12: 4B026 | E12: 4B025 | F12: 4B024 | H12: 4B023 | I12: 4B022 | J12: 4B021 | K12: 4B020 | L12: 4B019 | N12: 4B018 | O12: 4B017 | P12: 4B016 | Q12: 4B015 | R12: 4B014 | S12: 4B013 | T12: 4B012 | V12: 4C011 | W12: 4C010 | X12: 4C009 | Z12: 4C008 | AA12: 4C007 | AB12: 4C006 | AC12: 4C005 | AD12: 4C004
B13: =IFERROR(VLOOKUP(B12,'ET 시간 배정'!$B:$F,3,FALSE)&"("&VLOOKUP(B12,'ET 시간 배정'!$B:$F,2,FALSE)&")","") -> 송윤아(1) | C13: =IFERROR(VLOOKUP(C12,'ET 시간 배정'!$B:$F,3,FALSE)&"("&VLOOKUP(C12,'ET 시간 배정'!$B:$F,2,FALSE)&")","") | D13: =IFERROR(VLOOKUP(D12,'ET 시간 배정'!$B:$F,3,FALSE)&"("&VLOOKUP(D12,'ET 시간 배정'!$B:$F,2,FALSE)&")","") -> 송윤빈(1) | E13: =IFERROR(VLOOKUP(E12,'ET 시간 배정'!$B:$F,3,FALSE)&"("&VLOOKUP(E12,'ET 시간 배정'!$B:$F,2,FALSE)&")","") | F13: =IFERROR(VLOOKUP(F12,'ET 시간 배정'!$B:$F,3,FALSE)&"("&VLOOKUP(F12,'ET 시간 배정'!$B:$F,2,FALSE)&")","") -> 성혜린(1) | H13: =IFERROR(VLOOKUP(H12,'ET 시간 배정'!$B:$F,3,FALSE)&"("&VLOOKUP(H12,'ET 시간 배정'!$B:$F,2,FALSE)&")","") | I13: =IFERROR(VLOOKUP(I12,'ET 시간 배정'!$B:$F,3,FALSE)&"("&VLOOKUP(I12,'ET 시간 배정'!$B:$F,2,FALSE)&")","") -> 석정인(1) | J13: =IFERROR(VLOOKUP(J12,'ET 시간 배정'!$B:$F,3,FALSE)&"("&VLOOKUP(J12,'ET 시간 배정'!$B:$F,2,FALSE)&")","") | K13: =IFERROR(VLOOKUP(K12,'ET 시간 배정'!$B:$F,3,FALSE)&"("&VLOOKUP(K12,'ET 시간 배정'!$B:$F,2,FALSE)&")","") -> 박유빈(1) | L13: =IFERROR(VLOOKUP(L12,'ET 시간 배정'!$B:$F,3,FALSE)&"("&VLOOKUP(L12,'ET 시간 배정'!$B:$F,2,FALSE)&")","") | N13: =IFERROR(VLOOKUP(N12,'ET 시간 배정'!$B:$F,3,FALSE)&"("&VLOOKUP(N12,'ET 시간 배정'!$B:$F,2,FALSE)&")","") -> 박선미(1) | O13: =IFERROR(VLOOKUP(O12,'ET 시간 배정'!$B:$F,3,FALSE)&"("&VLOOKUP(O12,'ET 시간 배정'!$B:$F,2,FALSE)&")","") | P13: =IFERROR(VLOOKUP(P12,'ET 시간 배정'!$B:$F,3,FALSE)&"("&VLOOKUP(P12,'ET 시간 배정'!$B:$F,2,FALSE)&")","") -> 문시연(1) | Q13: =IFERROR(VLOOKUP(Q12,'ET 시간 배정'!$B:$F,3,FALSE)&"("&VLOOKUP(Q12,'ET 시간 배정'!$B:$F,2,FALSE)&")","") | R13: =IFERROR(VLOOKUP(R12,'ET 시간 배정'!$B:$F,3,FALSE)&"("&VLOOKUP(R12,'ET 시간 배정'!$B:$F,2,FALSE)&")","") -> 남시윤(1) | S13: =IFERROR(VLOOKUP(S12,'ET 시간 배정'!$B:$F,3,FALSE)&"("&VLOOKUP(S12,'ET 시간 배정'!$B:$F,2,FALSE)&")","") | T13: =IFERROR(VLOOKUP(T12,'ET 시간 배정'!$B:$F,3,FALSE)&"("&VLOOKUP(T12,'ET 시간 배정'!$B:$F,2,FALSE)&")","") -> 김지은(1) | V13: =IFERROR(VLOOKUP(V12,'ET 시간 배정'!$B:$F,3,FALSE)&"("&VLOOKUP(V12,'ET 시간 배정'!$B:$F,2,FALSE)&")","") -> 이민호(1) | W13: =IFERROR(VLOOKUP(W12,'ET 시간 배정'!$B:$F,3,FALSE)&"("&VLOOKUP(W12,'ET 시간 배정'!$B:$F,2,FALSE)&")","") | X13: =IFERROR(VLOOKUP(X12,'ET 시간 배정'!$B:$F,3,FALSE)&"("&VLOOKUP(X12,'ET 시간 배정'!$B:$F,2,FALSE)&")","") -> 신정우(1) | Z13: =IFERROR(VLOOKUP(Z12,'ET 시간 배정'!$B:$F,3,FALSE)&"("&VLOOKUP(Z12,'ET 시간 배정'!$B:$F,2,FALSE)&")","") | AA13: =IFERROR(VLOOKUP(AA12,'ET 시간 배정'!$B:$F,3,FALSE)&"("&VLOOKUP(AA12,'ET 시간 배정'!$B:$F,2,FALSE)&")","") -> 남정호(1) | AB13: =IFERROR(VLOOKUP(AB12,'ET 시간 배정'!$B:$F,3,FALSE)&"("&VLOOKUP(AB12,'ET 시간 배정'!$B:$F,2,FALSE)&")","") | AC13: =IFERROR(VLOOKUP(AC12,'ET 시간 배정'!$B:$F,3,FALSE)&"("&VLOOKUP(AC12,'ET 시간 배정'!$B:$F,2,FALSE)&")","") -> 김지섭(1) | AD13: =IFERROR(VLOOKUP(AD12,'ET 시간 배정'!$B:$F,3,FALSE)&"("&VLOOKUP(AD12,'ET 시간 배정'!$B:$F,2,FALSE)&")","")
B15: 4B011 | C15: 4B010 | D15: 4B009 | E15: 4B008 | F15: 4B007 | I15: 4B006 | J15: 4B005 | K15: 4B004 | L15: 4B003 | S15: 4B002 | T15: 4B001 | AB15: 4C003 | AC15: 4C002 | AD15: 4C001
B16: =IFERROR(VLOOKUP(B15,'ET 시간 배정'!$B:$F,3,FALSE)&"("&VLOOKUP(B15,'ET 시간 배정'!$B:$F,2,FALSE)&")","") | C16: =IFERROR(VLOOKUP(C15,'ET 시간 배정'!$B:$F,3,FALSE)&"("&VLOOKUP(C15,'ET 시간 배정'!$B:$F,2,FALSE)&")","") -> 김나은(1) | D16: =IFERROR(VLOOKUP(D15,'ET 시간 배정'!$B:$F,3,FALSE)&"("&VLOOKUP(D15,'ET 시간 배정'!$B:$F,2,FALSE)&")","") | E16: =IFERROR(VLOOKUP(E15,'ET 시간 배정'!$B:$F,3,FALSE)&"("&VLOOKUP(E15,'ET 시간 배정'!$B:$F,2,FALSE)&")","") -> 김가현(1) | F16: =IFERROR(VLOOKUP(F15,'ET 시간 배정'!$B:$F,3,FALSE)&"("&VLOOKUP(F15,'ET 시간 배정'!$B:$F,2,FALSE)&")","") | I16: =IFERROR(VLOOKUP(I15,'ET 시간 배정'!$B:$F,3,FALSE)&"("&VLOOKUP(I15,'ET 시간 배정'!$B:$F,2,FALSE)&")","") -> 강다은(1) | J16: =IFERROR(VLOOKUP(J15,'ET 시간 배정'!$B:$F,3,FALSE)&"("&VLOOKUP(J15,'ET 시간 배정'!$B:$F,2,FALSE)&")","") | K16: =IFERROR(VLOOKUP(K15,'ET 시간 배정'!$B:$F,3,FALSE)&"("&VLOOKUP(K15,'ET 시간 배정'!$B:$F,2,FALSE)&")","") -> 강다연(1) | L16: =IFERROR(VLOOKUP(L15,'ET 시간 배정'!$B:$F,3,FALSE)&"("&VLOOKUP(L15,'ET 시간 배정'!$B:$F,2,FALSE)&")","") | S16: =IFERROR(VLOOKUP(S15,'ET 시간 배정'!$B:$F,3,FALSE)&"("&VLOOKUP(S15,'ET 시간 배정'!$B:$F,2,FALSE)&")","") -> 강고은(1) | T16: =IFERROR(VLOOKUP(T15,'ET 시간 배정'!$B:$F,3,FALSE)&"("&VLOOKUP(T15,'ET 시간 배정'!$B:$F,2,FALSE)&")","") | AB16: =IFERROR(VLOOKUP(AB15,'ET 시간 배정'!$B:$F,3,FALSE)&"("&VLOOKUP(AB15,'ET 시간 배정'!$B:$F,2,FALSE)&")","") -> 김선우(1) | AC16: =IFERROR(VLOOKUP(AC15,'ET 시간 배정'!$B:$F,3,FALSE)&"("&VLOOKUP(AC15,'ET 시간 배정'!$B:$F,2,FALSE)&")","") | AD16: =IFERROR(VLOOKUP(AD15,'ET 시간 배정'!$B:$F,3,FALSE)&"("&VLOOKUP(AD15,'ET 시간 배정'!$B:$F,2,FALSE)&")","") -> 김대연(1)
O18: 출입문 | Z18: 출입문
B19: 4A134 | C19: 4A133 | D19: 4A132 | E19: 4A131 | F19: 4A130 | H19: 4A129 | I19: 4A128 | J19: 4A127 | K19: 4A126 | L19: 4A125 | M19: 4A124 | O19: 출입문 | Z19: 출입문
B20: =IFERROR(VLOOKUP(B19,'ET 시간 배정'!$B:$F,3,FALSE)&"("&VLOOKUP(B19,'ET 시간 배정'!$B:$F,2,FALSE)&")","") -> () | C20: =IFERROR(VLOOKUP(C19,'ET 시간 배정'!$B:$F,3,FALSE)&"("&VLOOKUP(C19,'ET 시간 배정'!$B:$F,2,FALSE)&")","") | D20: =IFERROR(VLOOKUP(D19,'ET 시간 배정'!$B:$F,3,FALSE)&"("&VLOOKUP(D19,'ET 시간 배정'!$B:$F,2,FALSE)&")","") -> () | E20: =IFERROR(VLOOKUP(E19,'ET 시간 배정'!$B:$F,3,FALSE)&"("&VLOOKUP(E19,'ET 시간 배정'!$B:$F,2,FALSE)&")","") | F20: =IFERROR(VLOOKUP(F19,'ET 시간 배정'!$B:$F,3,FALSE)&"("&VLOOKUP(F19,'ET 시간 배정'!$B:$F,2,FALSE)&")","") -> 황하빈(12) | H20: =IFERROR(VLOOKUP(H19,'ET 시간 배정'!$B:$F,3,FALSE)&"("&VLOOKUP(H19,'ET 시간 배정'!$B:$F,2,FALSE)&")","") | I20: =IFERROR(VLOOKUP(I19,'ET 시간 배정'!$B:$F,3,FALSE)&"("&VLOOKUP(I19,'ET 시간 배정'!$B:$F,2,FALSE)&")","") -> 조규희(12) | J20: =IFERROR(VLOOKUP(J19,'ET 시간 배정'!$B:$F,3,FALSE)&"("&VLOOKUP(J19,'ET 시간 배정'!$B:$F,2,FALSE)&")","") | K20: =IFERROR(VLOOKUP(K19,'ET 시간 배정'!$B:$F,3,FALSE)&"("&VLOOKUP(K19,'ET 시간 배정'!$B:$F,2,FALSE)&")","") -> 정수언(12) | L20: =IFERROR(VLOOKUP(L19,'ET 시간 배정'!$B:$F,3,FALSE)&"("&VLOOKUP(L19,'ET 시간 배정'!$B:$F,2,FALSE)&")","") | M20: =IFERROR(VLOOKUP(M19,'ET 시간 배정'!$B:$F,3,FALSE)&"("&VLOOKUP(M19,'ET 시간 배정'!$B:$F,2,FALSE)&")","") -> 임서진(12)
B21: 4A123 | C21: 4A122 | D21: 4A121 | E21: 4A120 | F21: 4A119 | H21: 4A118 | I21: 4A117 | J21: 4A116 | K21: 4A115 | L21: 4A114 | M21: 4A113
B22: =IFERROR(VLOOKUP(B21,'ET 시간 배정'!$B:$F,3,FALSE)&"("&VLOOKUP(B21,'ET 시간 배정'!$B:$F,2,FALSE)&")","") | C22: =IFERROR(VLOOKUP(C21,'ET 시간 배정'!$B:$F,3,FALSE)&"("&VLOOKUP(C21,'ET 시간 배정'!$B:$F,2,FALSE)&")","") -> 이도현(12) | D22: =IFERROR(VLOOKUP(D21,'ET 시간 배정'!$B:$F,3,FALSE)&"("&VLOOKUP(D21,'ET 시간 배정'!$B:$F,2,FALSE)&")","") | E22: =IFERROR(VLOOKUP(E21,'ET 시간 배정'!$B:$F,3,FALSE)&"("&VLOOKUP(E21,'ET 시간 배정'!$B:$F,2,FALSE)&")","") -> 양웅비(12) | F22: =IFERROR(VLOOKUP(F21,'ET 시간 배정'!$B:$F,3,FALSE)&"("&VLOOKUP(F21,'ET 시간 배정'!$B:$F,2,FALSE)&")","") | H22: =IFERROR(VLOOKUP(H21,'ET 시간 배정'!$B:$F,3,FALSE)&"("&VLOOKUP(H21,'ET 시간 배정'!$B:$F,2,FALSE)&")","") -> 안재현(12) | I22: =IFERROR(VLOOKUP(I21,'ET 시간 배정'!$B:$F,3,FALSE)&"("&VLOOKUP(I21,'ET 시간 배정'!$B:$F,2,FALSE)&")","") | J22: =IFERROR(VLOOKUP(J21,'ET 시간 배정'!$B:$F,3,FALSE)&"("&VLOOKUP(J21,'ET 시간 배정'!$B:$F,2,FALSE)&")","") -> 박재연(12) | K22: =IFERROR(VLOOKUP(K21,'ET 시간 배정'!$B:$F,3,FALSE)&"("&VLOOKUP(K21,'ET 시간 배정'!$B:$F,2,FALSE)&")","") | L22: =IFERROR(VLOOKUP(L21,'ET 시간 배정'!$B:$F,3,FALSE)&"("&VLOOKUP(L21,'ET 시간 배정'!$B:$F,2,FALSE)&")","") -> 김연건(12) | M22: =IFERROR(VLOOKUP(M21,'ET 시간 배정'!$B:$F,3,FALSE)&"("&VLOOKUP(M21,'ET 시간 배정'!$B:$F,2,FALSE)&")","") | S22: 4D122 | T22: 4D121 | U22: 4D120 | V22: 4D119 | W22: 4D118 | X22: 4D117 | Z22: 4D116 | AA22: 4D115 | AB22: 4D114 | AC22: 4D113 | AD22: 4D112
S23: =IFERROR(VLOOKUP(S22,'ET 시간 배정'!$B:$F,3,FALSE)&"("&VLOOKUP(S22,'ET 시간 배정'!$B:$F,2,FALSE)&")","") | T23: =IFERROR(VLOOKUP(T22,'ET 시간 배정'!$B:$F,3,FALSE)&"("&VLOOKUP(T22,'ET 시간 배정'!$B:$F,2,FALSE)&")","") -> () | U23: =IFERROR(VLOOKUP(U22,'ET 시간 배정'!$B:$F,3,FALSE)&"("&VLOOKUP(U22,'ET 시간 배정'!$B:$F,2,FALSE)&")","") | V23: =IFERROR(VLOOKUP(V22,'ET 시간 배정'!$B:$F,3,FALSE)&"("&VLOOKUP(V22,'ET 시간 배정'!$B:$F,2,FALSE)&")","") -> () | W23: =IFERROR(VLOOKUP(W22,'ET 시간 배정'!$B:$F,3,FALSE)&"("&VLOOKUP(W22,'ET 시간 배정'!$B:$F,2,FALSE)&")","") | X23: =IFERROR(VLOOKUP(X22,'ET 시간 배정'!$B:$F,3,FALSE)&"("&VLOOKUP(X22,'ET 시간 배정'!$B:$F,2,FALSE)&")","") -> 한현진(10) | Z23: =IFERROR(VLOOKUP(Z22,'ET 시간 배정'!$B:$F,3,FALSE)&"("&VLOOKUP(Z22,'ET 시간 배정'!$B:$F,2,FALSE)&")","") | AA23: =IFERROR(VLOOKUP(AA22,'ET 시간 배정'!$B:$F,3,FALSE)&"("&VLOOKUP(AA22,'ET 시간 배정'!$B:$F,2,FALSE)&")","") -> 조윤빈(10) | AB23: =IFERROR(VLOOKUP(AB22,'ET 시간 배정'!$B:$F,3,FALSE)&"("&VLOOKUP(AB22,'ET 시간 배정'!$B:$F,2,FALSE)&")","") | AC23: =IFERROR(VLOOKUP(AC22,'ET 시간 배정'!$B:$F,3,FALSE)&"("&VLOOKUP(AC22,'ET 시간 배정'!$B:$F,2,FALSE)&")","") -> 임서현(10) | AD23: =IFERROR(VLOOKUP(AD22,'ET 시간 배정'!$B:$F,3,FALSE)&"("&VLOOKUP(AD22,'ET 시간 배정'!$B:$F,2,FALSE)&")","")
B24: 4A112 | C24: 4A111 | D24: 4A110 | E24: 4A109 | F24: 4A108 | H24: 4A107 | I24: 4A106 | J24: 4A105 | K24: 4A104 | L24: 4A103 | M24: 4A102 | S24: 4D111 | T24: 4D110 | U24: 4D109 | V24: 4D108 | W24: 4D107 | X24: 4D106 | Z24: 4D105 | AA24: 4D104 | AB24: 4D103 | AC24: 4D102 | AD24: 4D101
B25: =IFERROR(VLOOKUP(B24,'ET 시간 배정'!$B:$F,3,FALSE)&"("&VLOOKUP(B24,'ET 시간 배정'!$B:$F,2,FALSE)&")","") -> 김범수(12) | C25: =IFERROR(VLOOKUP(C24,'ET 시간 배정'!$B:$F,3,FALSE)&"("&VLOOKUP(C24,'ET 시간 배정'!$B:$F,2,FALSE)&")","") | D25: =IFERROR(VLOOKUP(D24,'ET 시간 배정'!$B:$F,3,FALSE)&"("&VLOOKUP(D24,'ET 시간 배정'!$B:$F,2,FALSE)&")","") -> 고건희(12) | E25: =IFERROR(VLOOKUP(E24,'ET 시간 배정'!$B:$F,3,FALSE)&"("&VLOOKUP(E24,'ET 시간 배정'!$B:$F,2,FALSE)&")","") | F25: =IFERROR(VLOOKUP(F24,'ET 시간 배정'!$B:$F,3,FALSE)&"("&VLOOKUP(F24,'ET 시간 배정'!$B:$F,2,FALSE)&")","") -> 허준영(11) | H25: =IFERROR(VLOOKUP(H24,'ET 시간 배정'!$B:$F,3,FALSE)&"("&VLOOKUP(H24,'ET 시간 배정'!$B:$F,2,FALSE)&")","") | I25: =IFERROR(VLOOKUP(I24,'ET 시간 배정'!$B:$F,3,FALSE)&"("&VLOOKUP(I24,'ET 시간 배정'!$B:$F,2,FALSE)&")","") -> 하정우(11) | J25: =IFERROR(VLOOKUP(J24,'ET 시간 배정'!$B:$F,3,FALSE)&"("&VLOOKUP(J24,'ET 시간 배정'!$B:$F,2,FALSE)&")","") | K25: =IFERROR(VLOOKUP(K24,'ET 시간 배정'!$B:$F,3,FALSE)&"("&VLOOKUP(K24,'ET 시간 배정'!$B:$F,2,FALSE)&")","") -> 최지훈(11) | L25: =IFERROR(VLOOKUP(L24,'ET 시간 배정'!$B:$F,3,FALSE)&"("&VLOOKUP(L24,'ET 시간 배정'!$B:$F,2,FALSE)&")","") | M25: =IFERROR(VLOOKUP(M24,'ET 시간 배정'!$B:$F,3,FALSE)&"("&VLOOKUP(M24,'ET 시간 배정'!$B:$F,2,FALSE)&")","") -> 임종호(11) | R25: 출 입 문 | S25: =IFERROR(VLOOKUP(S24,'ET 시간 배정'!$B:$F,3,FALSE)&"("&VLOOKUP(S24,'ET 시간 배정'!$B:$F,2,FALSE)&")","") -> 이현진(10) | T25: =IFERROR(VLOOKUP(T24,'ET 시간 배정'!$B:$F,3,FALSE)&"("&VLOOKUP(T24,'ET 시간 배정'!$B:$F,2,FALSE)&")","") | U25: =IFERROR(VLOOKUP(U24,'ET 시간 배정'!$B:$F,3,FALSE)&"("&VLOOKUP(U24,'ET 시간 배정'!$B:$F,2,FALSE)&")","") -> 이시연(10) | V25: =IFERROR(VLOOKUP(V24,'ET 시간 배정'!$B:$F,3,FALSE)&"("&VLOOKUP(V24,'ET 시간 배정'!$B:$F,2,FALSE)&")","") | W25: =IFERROR(VLOOKUP(W24,'ET 시간 배정'!$B:$F,3,FALSE)&"("&VLOOKUP(W24,'ET 시간 배정'!$B:$F,2,FALSE)&")","") -> 이수빈(10) | X25: =IFERROR(VLOOKUP(X24,'ET 시간 배정'!$B:$F,3,FALSE)&"("&VLOOKUP(X24,'ET 시간 배정'!$B:$F,2,FALSE)&")","") | Z25: =IFERROR(VLOOKUP(Z24,'ET 시간 배정'!$B:$F,3,FALSE)&"("&VLOOKUP(Z24,'ET 시간 배정'!$B:$F,2,FALSE)&")","") -> 홍윤형(12) | AA25: =IFERROR(VLOOKUP(AA24,'ET 시간 배정'!$B:$F,3,FALSE)&"("&VLOOKUP(AA24,'ET 시간 배정'!$B:$F,2,FALSE)&")","") | AB25: =IFERROR(VLOOKUP(AB24,'ET 시간 배정'!$B:$F,3,FALSE)&"("&VLOOKUP(AB24,'ET 시간 배정'!$B:$F,2,FALSE)&")","") -> 최재경(12) | AC25: =IFERROR(VLOOKUP(AC24,'ET 시간 배정'!$B:$F,3,FALSE)&"("&VLOOKUP(AC24,'ET 시간 배정'!$B:$F,2,FALSE)&")","") | AD25: =IFERROR(VLOOKUP(AD24,'ET 시간 배정'!$B:$F,3,FALSE)&"("&VLOOKUP(AD24,'ET 시간 배정'!$B:$F,2,FALSE)&")","") -> 최경아(12)
B26: 4A101 | C26: 4A100 | D26: 4A099 | E26: 4A098 | F26: 4A097 | H26: 4A096 | I26: 4A095 | J26: 4A094 | K26: 4A093 | L26: 4A092 | M26: 4A091
B27: =IFERROR(VLOOKUP(B26,'ET 시간 배정'!$B:$F,3,FALSE)&"("&VLOOKUP(B26,'ET 시간 배정'!$B:$F,2,FALSE)&")","") | C27: =IFERROR(VLOOKUP(C26,'ET 시간 배정'!$B:$F,3,FALSE)&"("&VLOOKUP(C26,'ET 시간 배정'!$B:$F,2,FALSE)&")","") -> 임수한(11) | D27: =IFERROR(VLOOKUP(D26,'ET 시간 배정'!$B:$F,3,FALSE)&"("&VLOOKUP(D26,'ET 시간 배정'!$B:$F,2,FALSE)&")","") | E27: =IFERROR(VLOOKUP(E26,'ET 시간 배정'!$B:$F,3,FALSE)&"("&VLOOKUP(E26,'ET 시간 배정'!$B:$F,2,FALSE)&")","") -> 이태웅(11) | F27: =IFERROR(VLOOKUP(F26,'ET 시간 배정'!$B:$F,3,FALSE)&"("&VLOOKUP(F26,'ET 시간 배정'!$B:$F,2,FALSE)&")","") | H27: =IFERROR(VLOOKUP(H26,'ET 시간 배정'!$B:$F,3,FALSE)&"("&VLOOKUP(H26,'ET 시간 배정'!$B:$F,2,FALSE)&")","") -> 이서원(11) | I27: =IFERROR(VLOOKUP(I26,'ET 시간 배정'!$B:$F,3,FALSE)&"("&VLOOKUP(I26,'ET 시간 배정'!$B:$F,2,FALSE)&")","") | J27: =IFERROR(VLOOKUP(J26,'ET 시간 배정'!$B:$F,3,FALSE)&"("&VLOOKUP(J26,'ET 시간 배정'!$B:$F,2,FALSE)&")","") -> 윤휘결(11) | K27: =IFERROR(VLOOKUP(K26,'ET 시간 배정'!$B:$F,3,FALSE)&"("&VLOOKUP(K26,'ET 시간 배정'!$B:$F,2,FALSE)&")","") | L27: =IFERROR(VLOOKUP(L26,'ET 시간 배정'!$B:$F,3,FALSE)&"("&VLOOKUP(L26,'ET 시간 배정'!$B:$F,2,FALSE)&")","") -> 안철민(11) | M27: =IFERROR(VLOOKUP(M26,'ET 시간 배정'!$B:$F,3,FALSE)&"("&VLOOKUP(M26,'ET 시간 배정'!$B:$F,2,FALSE)&")","") | N27: 출 입 문 | S27: 4D100 | T27: 4D099 | U27: 4D098 | V27: 4D097 | W27: 4D096 | X27: 4D095 | Z27: 4D094 | AA27: 4D093 | AB27: 4D092 | AC27: 4D091 | AD27: 4D090
S28: =IFERROR(VLOOKUP(S27,'ET 시간 배정'!$B:$F,3,FALSE)&"("&VLOOKUP(S27,'ET 시간 배정'!$B:$F,2,FALSE)&")","") | T28: =IFERROR(VLOOKUP(T27,'ET 시간 배정'!$B:$F,3,FALSE)&"("&VLOOKUP(T27,'ET 시간 배정'!$B:$F,2,FALSE)&")","") -> 주여진(12) | U28: =IFERROR(VLOOKUP(U27,'ET 시간 배정'!$B:$F,3,FALSE)&"("&VLOOKUP(U27,'ET 시간 배정'!$B:$F,2,FALSE)&")","") | V28: =IFERROR(VLOOKUP(V27,'ET 시간 배정'!$B:$F,3,FALSE)&"("&VLOOKUP(V27,'ET 시간 배정'!$B:$F,2,FALSE)&")","") -> 정해린(12) | W28: =IFERROR(VLOOKUP(W27,'ET 시간 배정'!$B:$F,3,FALSE)&"("&VLOOKUP(W27,'ET 시간 배정'!$B:$F,2,FALSE)&")","") | X28: =IFERROR(VLOOKUP(X27,'ET 시간 배정'!$B:$F,3,FALSE)&"("&VLOOKUP(X27,'ET 시간 배정'!$B:$F,2,FALSE)&")","") -> 정다운(12) | Z28: =IFERROR(VLOOKUP(Z27,'ET 시간 배정'!$B:$F,3,FALSE)&"("&VLOOKUP(Z27,'ET 시간 배정'!$B:$F,2,FALSE)&")","") | AA28: =IFERROR(VLOOKUP(AA27,'ET 시간 배정'!$B:$F,3,FALSE)&"("&VLOOKUP(AA27,'ET 시간 배정'!$B:$F,2,FALSE)&")","") -> 장서영(12) | AB28: =IFERROR(VLOOKUP(AB27,'ET 시간 배정'!$B:$F,3,FALSE)&"("&VLOOKUP(AB27,'ET 시간 배정'!$B:$F,2,FALSE)&")","") | AC28: =IFERROR(VLOOKUP(AC27,'ET 시간 배정'!$B:$F,3,FALSE)&"("&VLOOKUP(AC27,'ET 시간 배정'!$B:$F,2,FALSE)&")","") -> 임서현(12) | AD28: =IFERROR(VLOOKUP(AD27,'ET 시간 배정'!$B:$F,3,FALSE)&"("&VLOOKUP(AD27,'ET 시간 배정'!$B:$F,2,FALSE)&")","")
B29: 4A090 | C29: 4A089 | D29: 4A088 | E29: 4A087 | F29: 4A086 | H29: 4A085 | I29: 4A084 | J29: 4A083 | K29: 4A082 | S29: 4D089 | T29: 4D088 | U29: 4D087 | V29: 4D086 | W29: 4D085 | X29: 4D084 | Z29: 4D083 | AC29: 4D082 | AD29: 4D081
B30: =IFERROR(VLOOKUP(B29,'ET 시간 배정'!$B:$F,3,FALSE)&"("&VLOOKUP(B29,'ET 시간 배정'!$B:$F,2,FALSE)&")","") -> 안관영(11) | C30: =IFERROR(VLOOKUP(C29,'ET 시간 배정'!$B:$F,3,FALSE)&"("&VLOOKUP(C29,'ET 시간 배정'!$B:$F,2,FALSE)&")","") | D30: =IFERROR(VLOOKUP(D29,'ET 시간 배정'!$B:$F,3,FALSE)&"("&VLOOKUP(D29,'ET 시간 배정'!$B:$F,2,FALSE)&")","") -> 서연준(11) | E30: =IFERROR(VLOOKUP(E29,'ET 시간 배정'!$B:$F,3,FALSE)&"("&VLOOKUP(E29,'ET 시간 배정'!$B:$F,2,FALSE)&")","") | F30: =IFERROR(VLOOKUP(F29,'ET 시간 배정'!$B:$F,3,FALSE)&"("&VLOOKUP(F29,'ET 시간 배정'!$B:$F,2,FALSE)&")","") -> 변상빈(11) | H30: =IFERROR(VLOOKUP(H29,'ET 시간 배정'!$B:$F,3,FALSE)&"("&VLOOKUP(H29,'ET 시간 배정'!$B:$F,2,FALSE)&")","") | I30: =IFERROR(VLOOKUP(I29,'ET 시간 배정'!$B:$F,3,FALSE)&"("&VLOOKUP(I29,'ET 시간 배정'!$B:$F,2,FALSE)&")","") -> 김호담(11) | J30: =IFERROR(VLOOKUP(J29,'ET 시간 배정'!$B:$F,3,FALSE)&"("&VLOOKUP(J29,'ET 시간 배정'!$B:$F,2,FALSE)&")","") | K30: =IFERROR(VLOOKUP(K29,'ET 시간 배정'!$B:$F,3,FALSE)&"("&VLOOKUP(K29,'ET 시간 배정'!$B:$F,2,FALSE)&")","") -> 김현빈(11) | S30: =IFERROR(VLOOKUP(S29,'ET 시간 배정'!$B:$F,3,FALSE)&"("&VLOOKUP(S29,'ET 시간 배정'!$B:$F,2,FALSE)&")","") -> 이세흠(12) | T30: =IFERROR(VLOOKUP(T29,'ET 시간 배정'!$B:$F,3,FALSE)&"("&VLOOKUP(T29,'ET 시간 배정'!$B:$F,2,FALSE)&")","") | U30: =IFERROR(VLOOKUP(U29,'ET 시간 배정'!$B:$F,3,FALSE)&"("&VLOOKUP(U29,'ET 시간 배정'!$B:$F,2,FALSE)&")","") -> 우서연(12) | V30: =IFERROR(VLOOKUP(V29,'ET 시간 배정'!$B:$F,3,FALSE)&"("&VLOOKUP(V29,'ET 시간 배정'!$B:$F,2,FALSE)&")","") | W30: =IFERROR(VLOOKUP(W29,'ET 시간 배정'!$B:$F,3,FALSE)&"("&VLOOKUP(W29,'ET 시간 배정'!$B:$F,2,FALSE)&")","") -> 송민경(12) | X30: =IFERROR(VLOOKUP(X29,'ET 시간 배정'!$B:$F,3,FALSE)&"("&VLOOKUP(X29,'ET 시간 배정'!$B:$F,2,FALSE)&")","") | Z30: =IFERROR(VLOOKUP(Z29,'ET 시간 배정'!$B:$F,3,FALSE)&"("&VLOOKUP(Z29,'ET 시간 배정'!$B:$F,2,FALSE)&")","") -> 서시현(12) | AC30: =IFERROR(VLOOKUP(AC29,'ET 시간 배정'!$B:$F,3,FALSE)&"("&VLOOKUP(AC29,'ET 시간 배정'!$B:$F,2,FALSE)&")","") | AD30: =IFERROR(VLOOKUP(AD29,'ET 시간 배정'!$B:$F,3,FALSE)&"("&VLOOKUP(AD29,'ET 시간 배정'!$B:$F,2,FALSE)&")","") -> 변세현(12)
B31: 4A081 | C31: 4A080 | D31: 4A079 | E31: 4A078 | F31: 4A077 | H31: 4A076 | I31: 4A075 | J31: 4A074 | K31: 4A073
B32: =IFERROR(VLOOKUP(B31,'ET 시간 배정'!$B:$F,3,FALSE)&"("&VLOOKUP(B31,'ET 시간 배정'!$B:$F,2,FALSE)&")","") | C32: =IFERROR(VLOOKUP(C31,'ET 시간 배정'!$B:$F,3,FALSE)&"("&VLOOKUP(C31,'ET 시간 배정'!$B:$F,2,FALSE)&")","") -> 강정훈(11) | D32: =IFERROR(VLOOKUP(D31,'ET 시간 배정'!$B:$F,3,FALSE)&"("&VLOOKUP(D31,'ET 시간 배정'!$B:$F,2,FALSE)&")","") | E32: =IFERROR(VLOOKUP(E31,'ET 시간 배정'!$B:$F,3,FALSE)&"("&VLOOKUP(E31,'ET 시간 배정'!$B:$F,2,FALSE)&")","") -> 황승현(10) | F32: =IFERROR(VLOOKUP(F31,'ET 시간 배정'!$B:$F,3,FALSE)&"("&VLOOKUP(F31,'ET 시간 배정'!$B:$F,2,FALSE)&")","") | H32: =IFERROR(VLOOKUP(H31,'ET 시간 배정'!$B:$F,3,FALSE)&"("&VLOOKUP(H31,'ET 시간 배정'!$B:$F,2,FALSE)&")","") -> 홍준혁(10) | I32: =IFERROR(VLOOKUP(I31,'ET 시간 배정'!$B:$F,3,FALSE)&"("&VLOOKUP(I31,'ET 시간 배정'!$B:$F,2,FALSE)&")","") | J32: =IFERROR(VLOOKUP(J31,'ET 시간 배정'!$B:$F,3,FALSE)&"("&VLOOKUP(J31,'ET 시간 배정'!$B:$F,2,FALSE)&")","") -> 최동민(10) | K32: =IFERROR(VLOOKUP(K31,'ET 시간 배정'!$B:$F,3,FALSE)&"("&VLOOKUP(K31,'ET 시간 배정'!$B:$F,2,FALSE)&")","") | S32: 4D080 | T32: 4D079 | U32: 4D078 | V32: 4D077 | W32: 4D076 | X32: 4D075 | Z32: 4D074 | AA32: 4D073 | AB32: 4D072 | AC32: 4D071 | AD32: 4D070
S33: =IFERROR(VLOOKUP(S32,'ET 시간 배정'!$B:$F,3,FALSE)&"("&VLOOKUP(S32,'ET 시간 배정'!$B:$F,2,FALSE)&")","") | T33: =IFERROR(VLOOKUP(T32,'ET 시간 배정'!$B:$F,3,FALSE)&"("&VLOOKUP(T32,'ET 시간 배정'!$B:$F,2,FALSE)&")","") -> 백주은(12) | U33: =IFERROR(VLOOKUP(U32,'ET 시간 배정'!$B:$F,3,FALSE)&"("&VLOOKUP(U32,'ET 시간 배정'!$B:$F,2,FALSE)&")","") | V33: =IFERROR(VLOOKUP(V32,'ET 시간 배정'!$B:$F,3,FALSE)&"("&VLOOKUP(V32,'ET 시간 배정'!$B:$F,2,FALSE)&")","") -> 반현진(12) | W33: =IFERROR(VLOOKUP(W32,'ET 시간 배정'!$B:$F,3,FALSE)&"("&VLOOKUP(W32,'ET 시간 배정'!$B:$F,2,FALSE)&")","") | X33: =IFERROR(VLOOKUP(X32,'ET 시간 배정'!$B:$F,3,FALSE)&"("&VLOOKUP(X32,'ET 시간 배정'!$B:$F,2,FALSE)&")","") -> 박서연(12) | Z33: =IFERROR(VLOOKUP(Z32,'ET 시간 배정'!$B:$F,3,FALSE)&"("&VLOOKUP(Z32,'ET 시간 배정'!$B:$F,2,FALSE)&")","") | AA33: =IFERROR(VLOOKUP(AA32,'ET 시간 배정'!$B:$F,3,FALSE)&"("&VLOOKUP(AA32,'ET 시간 배정'!$B:$F,2,FALSE)&")","") -> 김보석(12) | AB33: =IFERROR(VLOOKUP(AB32,'ET 시간 배정'!$B:$F,3,FALSE)&"("&VLOOKUP(AB32,'ET 시간 배정'!$B:$F,2,FALSE)&")","") | AC33: =IFERROR(VLOOKUP(AC32,'ET 시간 배정'!$B:$F,3,FALSE)&"("&VLOOKUP(AC32,'ET 시간 배정'!$B:$F,2,FALSE)&")","") -> 홍채연(11) | AD33: =IFERROR(VLOOKUP(AD32,'ET 시간 배정'!$B:$F,3,FALSE)&"("&VLOOKUP(AD32,'ET 시간 배정'!$B:$F,2,FALSE)&")","")
B34: 4A072 | C34: 4A071 | D34: 4A070 | E34: 4A069 | F34: 4A068 | H34: 4A067 | I34: 4A066 | J34: 4A065 | K34: 4A064 | L34: 4A063 | M34: 4A062 | S34: 4D069 | T34: 4D068 | U34: 4D067 | V34: 4D066 | W34: 4D065 | X34: 4D064 | Z34: 4D063 | AA34: 4D062 | AB34: 4D061 | AC34: 4D060 | AD34: 4D059
B35: =IFERROR(VLOOKUP(B34,'ET 시간 배정'!$B:$F,3,FALSE)&"("&VLOOKUP(B34,'ET 시간 배정'!$B:$F,2,FALSE)&")","") -> 이승준(10) | C35: =IFERROR(VLOOKUP(C34,'ET 시간 배정'!$B:$F,3,FALSE)&"("&VLOOKUP(C34,'ET 시간 배정'!$B:$F,2,FALSE)&")","") | D35: =IFERROR(VLOOKUP(D34,'ET 시간 배정'!$B:$F,3,FALSE)&"("&VLOOKUP(D34,'ET 시간 배정'!$B:$F,2,FALSE)&")","") -> 이민용(10) | E35: =IFERROR(VLOOKUP(E34,'ET 시간 배정'!$B:$F,3,FALSE)&"("&VLOOKUP(E34,'ET 시간 배정'!$B:$F,2,FALSE)&")","") | F35: =IFERROR(VLOOKUP(F34,'ET 시간 배정'!$B:$F,3,FALSE)&"("&VLOOKUP(F34,'ET 시간 배정'!$B:$F,2,FALSE)&")","") -> 이동건(10) | H35: =IFERROR(VLOOKUP(H34,'ET 시간 배정'!$B:$F,3,FALSE)&"("&VLOOKUP(H34,'ET 시간 배정'!$B:$F,2,FALSE)&")","") | I35: =IFERROR(VLOOKUP(I34,'ET 시간 배정'!$B:$F,3,FALSE)&"("&VLOOKUP(I34,'ET 시간 배정'!$B:$F,2,FALSE)&")","") -> 유석민(10) | J35: =IFERROR(VLOOKUP(J34,'ET 시간 배정'!$B:$F,3,FALSE)&"("&VLOOKUP(J34,'ET 시간 배정'!$B:$F,2,FALSE)&")","") | K35: =IFERROR(VLOOKUP(K34,'ET 시간 배정'!$B:$F,3,FALSE)&"("&VLOOKUP(K34,'ET 시간 배정'!$B:$F,2,FALSE)&")","") -> 안기정(10) | L35: =IFERROR(VLOOKUP(L34,'ET 시간 배정'!$B:$F,3,FALSE)&"("&VLOOKUP(L34,'ET 시간 배정'!$B:$F,2,FALSE)&")","") | M35: =IFERROR(VLOOKUP(M34,'ET 시간 배정'!$B:$F,3,FALSE)&"("&VLOOKUP(M34,'ET 시간 배정'!$B:$F,2,FALSE)&")","") -> 박준서(10) | S35: =IFERROR(VLOOKUP(S34,'ET 시간 배정'!$B:$F,3,FALSE)&"("&VLOOKUP(S34,'ET 시간 배정'!$B:$F,2,FALSE)&")","") -> 한소윤(11) | T35: =IFERROR(VLOOKUP(T34,'ET 시간 배정'!$B:$F,3,FALSE)&"("&VLOOKUP(T34,'ET 시간 배정'!$B:$F,2,FALSE)&")","") | U35: =IFERROR(VLOOKUP(U34,'ET 시간 배정'!$B:$F,3,FALSE)&"("&VLOOKUP(U34,'ET 시간 배정'!$B:$F,2,FALSE)&")","") -> 장지안(11) | V35: =IFERROR(VLOOKUP(V34,'ET 시간 배정'!$B:$F,3,FALSE)&"("&VLOOKUP(V34,'ET 시간 배정'!$B:$F,2,FALSE)&")","") | W35: =IFERROR(VLOOKUP(W34,'ET 시간 배정'!$B:$F,3,FALSE)&"("&VLOOKUP(W34,'ET 시간 배정'!$B:$F,2,FALSE)&")","") -> 이시현(11) | X35: =IFERROR(VLOOKUP(X34,'ET 시간 배정'!$B:$F,3,FALSE)&"("&VLOOKUP(X34,'ET 시간 배정'!$B:$F,2,FALSE)&")","") | Z35: =IFERROR(VLOOKUP(Z34,'ET 시간 배정'!$B:$F,3,FALSE)&"("&VLOOKUP(Z34,'ET 시간 배정'!$B:$F,2,FALSE)&")","") -> 이승주(11) | AA35: =IFERROR(VLOOKUP(AA34,'ET 시간 배정'!$B:$F,3,FALSE)&"("&VLOOKUP(AA34,'ET 시간 배정'!$B:$F,2,FALSE)&")","") | AB35: =IFERROR(VLOOKUP(AB34,'ET 시간 배정'!$B:$F,3,FALSE)&"("&VLOOKUP(AB34,'ET 시간 배정'!$B:$F,2,FALSE)&")","") -> 윤지원(11) | AC35: =IFERROR(VLOOKUP(AC34,'ET 시간 배정'!$B:$F,3,FALSE)&"("&VLOOKUP(AC34,'ET 시간 배정'!$B:$F,2,FALSE)&")","") | AD35: =IFERROR(VLOOKUP(AD34,'ET 시간 배정'!$B:$F,3,FALSE)&"("&VLOOKUP(AD34,'ET 시간 배정'!$B:$F,2,FALSE)&")","") -> 유지민(11)
B36: 4A061 | C36: 4A060 | D36: 4A059 | E36: 4A058 | F36: 4A057 | H36: 4A056 | I36: 4A055 | J36: 4A054 | K36: 4A053 | L36: 4A052 | M36: 4A051
B37: =IFERROR(VLOOKUP(B36,'ET 시간 배정'!$B:$F,3,FALSE)&"("&VLOOKUP(B36,'ET 시간 배정'!$B:$F,2,FALSE)&")","") | C37: =IFERROR(VLOOKUP(C36,'ET 시간 배정'!$B:$F,3,FALSE)&"("&VLOOKUP(C36,'ET 시간 배정'!$B:$F,2,FALSE)&")","") -> 박서진(10) | D37: =IFERROR(VLOOKUP(D36,'ET 시간 배정'!$B:$F,3,FALSE)&"("&VLOOKUP(D36,'ET 시간 배정'!$B:$F,2,FALSE)&")","") | E37: =IFERROR(VLOOKUP(E36,'ET 시간 배정'!$B:$F,3,FALSE)&"("&VLOOKUP(E36,'ET 시간 배정'!$B:$F,2,FALSE)&")","") -> 박무성(10) | F37: =IFERROR(VLOOKUP(F36,'ET 시간 배정'!$B:$F,3,FALSE)&"("&VLOOKUP(F36,'ET 시간 배정'!$B:$F,2,FALSE)&")","") | H37: =IFERROR(VLOOKUP(H36,'ET 시간 배정'!$B:$F,3,FALSE)&"("&VLOOKUP(H36,'ET 시간 배정'!$B:$F,2,FALSE)&")","") -> 김현규(10) | I37: =IFERROR(VLOOKUP(I36,'ET 시간 배정'!$B:$F,3,FALSE)&"("&VLOOKUP(I36,'ET 시간 배정'!$B:$F,2,FALSE)&")","") | J37: =IFERROR(VLOOKUP(J36,'ET 시간 배정'!$B:$F,3,FALSE)&"("&VLOOKUP(J36,'ET 시간 배정'!$B:$F,2,FALSE)&")","") -> 김명준(10) | K37: =IFERROR(VLOOKUP(K36,'ET 시간 배정'!$B:$F,3,FALSE)&"("&VLOOKUP(K36,'ET 시간 배정'!$B:$F,2,FALSE)&")","") | L37: =IFERROR(VLOOKUP(L36,'ET 시간 배정'!$B:$F,3,FALSE)&"("&VLOOKUP(L36,'ET 시간 배정'!$B:$F,2,FALSE)&")","") -> 김도준(10) | M37: =IFERROR(VLOOKUP(M36,'ET 시간 배정'!$B:$F,3,FALSE)&"("&VLOOKUP(M36,'ET 시간 배정'!$B:$F,2,FALSE)&")","") | S37: 4D058 | T37: 4D057 | U37: 4D056 | V37: 4D055 | W37: 4D054 | X37: 4D053 | Z37: 4D052 | AA37: 4D051 | AB37: 4D050 | AC37: 4D049 | AD37: 4D048
S38: =IFERROR(VLOOKUP(S37,'ET 시간 배정'!$B:$F,3,FALSE)&"("&VLOOKUP(S37,'ET 시간 배정'!$B:$F,2,FALSE)&")","") | T38: =IFERROR(VLOOKUP(T37,'ET 시간 배정'!$B:$F,3,FALSE)&"("&VLOOKUP(T37,'ET 시간 배정'!$B:$F,2,FALSE)&")","") -> 신혜원(11) | U38: =IFERROR(VLOOKUP(U37,'ET 시간 배정'!$B:$F,3,FALSE)&"("&VLOOKUP(U37,'ET 시간 배정'!$B:$F,2,FALSE)&")","") | V38: =IFERROR(VLOOKUP(V37,'ET 시간 배정'!$B:$F,3,FALSE)&"("&VLOOKUP(V37,'ET 시간 배정'!$B:$F,2,FALSE)&")","") -> 문채원(11) | W38: =IFERROR(VLOOKUP(W37,'ET 시간 배정'!$B:$F,3,FALSE)&"("&VLOOKUP(W37,'ET 시간 배정'!$B:$F,2,FALSE)&")","") | X38: =IFERROR(VLOOKUP(X37,'ET 시간 배정'!$B:$F,3,FALSE)&"("&VLOOKUP(X37,'ET 시간 배정'!$B:$F,2,FALSE)&")","") -> 문아영(11) | Z38: =IFERROR(VLOOKUP(Z37,'ET 시간 배정'!$B:$F,3,FALSE)&"("&VLOOKUP(Z37,'ET 시간 배정'!$B:$F,2,FALSE)&")","") | AA38: =IFERROR(VLOOKUP(AA37,'ET 시간 배정'!$B:$F,3,FALSE)&"("&VLOOKUP(AA37,'ET 시간 배정'!$B:$F,2,FALSE)&")","") -> 류연경(11) | AB38: =IFERROR(VLOOKUP(AB37,'ET 시간 배정'!$B:$F,3,FALSE)&"("&VLOOKUP(AB37,'ET 시간 배정'!$B:$F,2,FALSE)&")","") | AC38: =IFERROR(VLOOKUP(AC37,'ET 시간 배정'!$B:$F,3,FALSE)&"("&VLOOKUP(AC37,'ET 시간 배정'!$B:$F,2,FALSE)&")","") -> 김현서(11) | AD38: =IFERROR(VLOOKUP(AD37,'ET 시간 배정'!$B:$F,3,FALSE)&"("&VLOOKUP(AD37,'ET 시간 배정'!$B:$F,2,FALSE)&")","")
B39: 4A050 | C39: 4A049 | D39: 4A48 | E39: 4A047 | F39: 4A046 | H39: 4A045 | I39: 4A044 | J39: 4A403 | K39: 4A042 | L39: 4A041 | M39: 4A040 | S39: 4D047 | T39: 4D046 | U39: 4D045 | V39: 4D044 | W39: 4D043 | X39: 4D042 | Z39: 4D041 | AA39: 4D040 | AB39: 4D039 | AC39: 4D038 | AD39: 4D037
B40: =IFERROR(VLOOKUP(B39,'ET 시간 배정'!$B:$F,3,FALSE)&"("&VLOOKUP(B39,'ET 시간 배정'!$B:$F,2,FALSE)&")","") -> 김규민(10) | C40: =IFERROR(VLOOKUP(C39,'ET 시간 배정'!$B:$F,3,FALSE)&"("&VLOOKUP(C39,'ET 시간 배정'!$B:$F,2,FALSE)&")","") | D40: =IFERROR(VLOOKUP(D39,'ET 시간 배정'!$B:$F,3,FALSE)&"("&VLOOKUP(D39,'ET 시간 배정'!$B:$F,2,FALSE)&")","") | E40: =IFERROR(VLOOKUP(E39,'ET 시간 배정'!$B:$F,3,FALSE)&"("&VLOOKUP(E39,'ET 시간 배정'!$B:$F,2,FALSE)&")","") | F40: =IFERROR(VLOOKUP(F39,'ET 시간 배정'!$B:$F,3,FALSE)&"("&VLOOKUP(F39,'ET 시간 배정'!$B:$F,2,FALSE)&")","") -> 한준희(9) | H40: =IFERROR(VLOOKUP(H39,'ET 시간 배정'!$B:$F,3,FALSE)&"("&VLOOKUP(H39,'ET 시간 배정'!$B:$F,2,FALSE)&")","") | I40: =IFERROR(VLOOKUP(I39,'ET 시간 배정'!$B:$F,3,FALSE)&"("&VLOOKUP(I39,'ET 시간 배정'!$B:$F,2,FALSE)&")","") -> 최현웅(9) | J40: =IFERROR(VLOOKUP(J39,'ET 시간 배정'!$B:$F,3,FALSE)&"("&VLOOKUP(J39,'ET 시간 배정'!$B:$F,2,FALSE)&")","") | K40: =IFERROR(VLOOKUP(K39,'ET 시간 배정'!$B:$F,3,FALSE)&"("&VLOOKUP(K39,'ET 시간 배정'!$B:$F,2,FALSE)&")","") -> 정영진(9) | L40: =IFERROR(VLOOKUP(L39,'ET 시간 배정'!$B:$F,3,FALSE)&"("&VLOOKUP(L39,'ET 시간 배정'!$B:$F,2,FALSE)&")","") | M40: =IFERROR(VLOOKUP(M39,'ET 시간 배정'!$B:$F,3,FALSE)&"("&VLOOKUP(M39,'ET 시간 배정'!$B:$F,2,FALSE)&")","") -> 전진홍(9) | S40: =IFERROR(VLOOKUP(S39,'ET 시간 배정'!$B:$F,3,FALSE)&"("&VLOOKUP(S39,'ET 시간 배정'!$B:$F,2,FALSE)&")","") -> 김시연(11) | T40: =IFERROR(VLOOKUP(T39,'ET 시간 배정'!$B:$F,3,FALSE)&"("&VLOOKUP(T39,'ET 시간 배정'!$B:$F,2,FALSE)&")","") | U40: =IFERROR(VLOOKUP(U39,'ET 시간 배정'!$B:$F,3,FALSE)&"("&VLOOKUP(U39,'ET 시간 배정'!$B:$F,2,FALSE)&")","") -> 김민채(11) | V40: =IFERROR(VLOOKUP(V39,'ET 시간 배정'!$B:$F,3,FALSE)&"("&VLOOKUP(V39,'ET 시간 배정'!$B:$F,2,FALSE)&")","") | W40: =IFERROR(VLOOKUP(W39,'ET 시간 배정'!$B:$F,3,FALSE)&"("&VLOOKUP(W39,'ET 시간 배정'!$B:$F,2,FALSE)&")","") -> 권민경(11) | X40: =IFERROR(VLOOKUP(X39,'ET 시간 배정'!$B:$F,3,FALSE)&"("&VLOOKUP(X39,'ET 시간 배정'!$B:$F,2,FALSE)&")","") | Z40: =IFERROR(VLOOKUP(Z39,'ET 시간 배정'!$B:$F,3,FALSE)&"("&VLOOKUP(Z39,'ET 시간 배정'!$B:$F,2,FALSE)&")","") -> 이서은(10) | AA40: =IFERROR(VLOOKUP(AA39,'ET 시간 배정'!$B:$F,3,FALSE)&"("&VLOOKUP(AA39,'ET 시간 배정'!$B:$F,2,FALSE)&")","") | AB40: =IFERROR(VLOOKUP(AB39,'ET 시간 배정'!$B:$F,3,FALSE)&"("&VLOOKUP(AB39,'ET 시간 배정'!$B:$F,2,FALSE)&")","") -> 이다민(10) | AC40: =IFERROR(VLOOKUP(AC39,'ET 시간 배정'!$B:$F,3,FALSE)&"("&VLOOKUP(AC39,'ET 시간 배정'!$B:$F,2,FALSE)&")","") | AD40: =IFERROR(VLOOKUP(AD39,'ET 시간 배정'!$B:$F,3,FALSE)&"("&VLOOKUP(AD39,'ET 시간 배정'!$B:$F,2,FALSE)&")","") -> 오은채(10)
B41: 4A039 | C41: 4A038 | D41: 4A037 | E41: 4A036 | F41: 4A035 | H41: 4A034 | I41: 4A033 | J41: 4A032 | K41: 4A031 | L41: 4A030 | M41: 4A029
B42: =IFERROR(VLOOKUP(B41,'ET 시간 배정'!$B:$F,3,FALSE)&"("&VLOOKUP(B41,'ET 시간 배정'!$B:$F,2,FALSE)&")","") | C42: =IFERROR(VLOOKUP(C41,'ET 시간 배정'!$B:$F,3,FALSE)&"("&VLOOKUP(C41,'ET 시간 배정'!$B:$F,2,FALSE)&")","") -> 전지훈(9) | D42: =IFERROR(VLOOKUP(D41,'ET 시간 배정'!$B:$F,3,FALSE)&"("&VLOOKUP(D41,'ET 시간 배정'!$B:$F,2,FALSE)&")","") | E42: =IFERROR(VLOOKUP(E41,'ET 시간 배정'!$B:$F,3,FALSE)&"("&VLOOKUP(E41,'ET 시간 배정'!$B:$F,2,FALSE)&")","") -> 전경민(9) | F42: =IFERROR(VLOOKUP(F41,'ET 시간 배정'!$B:$F,3,FALSE)&"("&VLOOKUP(F41,'ET 시간 배정'!$B:$F,2,FALSE)&")","") | H42: =IFERROR(VLOOKUP(H41,'ET 시간 배정'!$B:$F,3,FALSE)&"("&VLOOKUP(H41,'ET 시간 배정'!$B:$F,2,FALSE)&")","") -> 이휘성(9) | I42: =IFERROR(VLOOKUP(I41,'ET 시간 배정'!$B:$F,3,FALSE)&"("&VLOOKUP(I41,'ET 시간 배정'!$B:$F,2,FALSE)&")","") | J42: =IFERROR(VLOOKUP(J41,'ET 시간 배정'!$B:$F,3,FALSE)&"("&VLOOKUP(J41,'ET 시간 배정'!$B:$F,2,FALSE)&")","") -> 이형국(9) | K42: =IFERROR(VLOOKUP(K41,'ET 시간 배정'!$B:$F,3,FALSE)&"("&VLOOKUP(K41,'ET 시간 배정'!$B:$F,2,FALSE)&")","") | L42: =IFERROR(VLOOKUP(L41,'ET 시간 배정'!$B:$F,3,FALSE)&"("&VLOOKUP(L41,'ET 시간 배정'!$B:$F,2,FALSE)&")","") -> 이규헌(9) | M42: =IFERROR(VLOOKUP(M41,'ET 시간 배정'!$B:$F,3,FALSE)&"("&VLOOKUP(M41,'ET 시간 배정'!$B:$F,2,FALSE)&")","") | S42: 4D036 | T42: 4D035 | U42: 4D034 | V42: 4D033 | W42: 4D032 | X42: 4D031 | Z42: 4D030 | AC42: 4D029 | AD42: 4D028
S43: =IFERROR(VLOOKUP(S42,'ET 시간 배정'!$B:$F,3,FALSE)&"("&VLOOKUP(S42,'ET 시간 배정'!$B:$F,2,FALSE)&")","") | T43: =IFERROR(VLOOKUP(T42,'ET 시간 배정'!$B:$F,3,FALSE)&"("&VLOOKUP(T42,'ET 시간 배정'!$B:$F,2,FALSE)&")","") -> 서해원(10) | U43: =IFERROR(VLOOKUP(U42,'ET 시간 배정'!$B:$F,3,FALSE)&"("&VLOOKUP(U42,'ET 시간 배정'!$B:$F,2,FALSE)&")","") | V43: =IFERROR(VLOOKUP(V42,'ET 시간 배정'!$B:$F,3,FALSE)&"("&VLOOKUP(V42,'ET 시간 배정'!$B:$F,2,FALSE)&")","") -> 박민경(10) | W43: =IFERROR(VLOOKUP(W42,'ET 시간 배정'!$B:$F,3,FALSE)&"("&VLOOKUP(W42,'ET 시간 배정'!$B:$F,2,FALSE)&")","") | X43: =IFERROR(VLOOKUP(X42,'ET 시간 배정'!$B:$F,3,FALSE)&"("&VLOOKUP(X42,'ET 시간 배정'!$B:$F,2,FALSE)&")","") -> 김지윤(10) | Z43: =IFERROR(VLOOKUP(Z42,'ET 시간 배정'!$B:$F,3,FALSE)&"("&VLOOKUP(Z42,'ET 시간 배정'!$B:$F,2,FALSE)&")","") | AC43: =IFERROR(VLOOKUP(AC42,'ET 시간 배정'!$B:$F,3,FALSE)&"("&VLOOKUP(AC42,'ET 시간 배정'!$B:$F,2,FALSE)&")","") -> 김예지(10) | AD43: =IFERROR(VLOOKUP(AD42,'ET 시간 배정'!$B:$F,3,FALSE)&"("&VLOOKUP(AD42,'ET 시간 배정'!$B:$F,2,FALSE)&")","")
B44: 4A028 | C44: 4A027 | D44: 4A026 | E44: 4A025 | F44: 4A024 | H44: 4A023 | I44: 4A022 | J44: 4A021 | K44: 4A020 | S44: 4D027 | T44: 4D026 | U44: 4D025 | V44: 4D024 | W44: 4D023 | X44: 4D022 | Z44: 4D021 | AA44: 4D020 | AB44: 4D019 | AC44: 4D018 | AD44: 4D017
B45: =IFERROR(VLOOKUP(B44,'ET 시간 배정'!$B:$F,3,FALSE)&"("&VLOOKUP(B44,'ET 시간 배정'!$B:$F,2,FALSE)&")","") -> 신재인(9) | C45: =IFERROR(VLOOKUP(C44,'ET 시간 배정'!$B:$F,3,FALSE)&"("&VLOOKUP(C44,'ET 시간 배정'!$B:$F,2,FALSE)&")","") | D45: =IFERROR(VLOOKUP(D44,'ET 시간 배정'!$B:$F,3,FALSE)&"("&VLOOKUP(D44,'ET 시간 배정'!$B:$F,2,FALSE)&")","") -> 서윤덕(9) | E45: =IFERROR(VLOOKUP(E44,'ET 시간 배정'!$B:$F,3,FALSE)&"("&VLOOKUP(E44,'ET 시간 배정'!$B:$F,2,FALSE)&")","") | F45: =IFERROR(VLOOKUP(F44,'ET 시간 배정'!$B:$F,3,FALSE)&"("&VLOOKUP(F44,'ET 시간 배정'!$B:$F,2,FALSE)&")","") -> 서아열(9) | H45: =IFERROR(VLOOKUP(H44,'ET 시간 배정'!$B:$F,3,FALSE)&"("&VLOOKUP(H44,'ET 시간 배정'!$B:$F,2,FALSE)&")","") | I45: =IFERROR(VLOOKUP(I44,'ET 시간 배정'!$B:$F,3,FALSE)&"("&VLOOKUP(I44,'ET 시간 배정'!$B:$F,2,FALSE)&")","") -> 박지민(9) | J45: =IFERROR(VLOOKUP(J44,'ET 시간 배정'!$B:$F,3,FALSE)&"("&VLOOKUP(J44,'ET 시간 배정'!$B:$F,2,FALSE)&")","") | K45: =IFERROR(VLOOKUP(K44,'ET 시간 배정'!$B:$F,3,FALSE)&"("&VLOOKUP(K44,'ET 시간 배정'!$B:$F,2,FALSE)&")","") -> 김세빈(9) | S45: =IFERROR(VLOOKUP(S44,'ET 시간 배정'!$B:$F,3,FALSE)&"("&VLOOKUP(S44,'ET 시간 배정'!$B:$F,2,FALSE)&")","") -> 김민서(10) | T45: =IFERROR(VLOOKUP(T44,'ET 시간 배정'!$B:$F,3,FALSE)&"("&VLOOKUP(T44,'ET 시간 배정'!$B:$F,2,FALSE)&")","") | U45: =IFERROR(VLOOKUP(U44,'ET 시간 배정'!$B:$F,3,FALSE)&"("&VLOOKUP(U44,'ET 시간 배정'!$B:$F,2,FALSE)&")","") -> 권서영(10) | V45: =IFERROR(VLOOKUP(V44,'ET 시간 배정'!$B:$F,3,FALSE)&"("&VLOOKUP(V44,'ET 시간 배정'!$B:$F,2,FALSE)&")","") | W45: =IFERROR(VLOOKUP(W44,'ET 시간 배정'!$B:$F,3,FALSE)&"("&VLOOKUP(W44,'ET 시간 배정'!$B:$F,2,FALSE)&")","") -> 강서현(10) | X45: =IFERROR(VLOOKUP(X44,'ET 시간 배정'!$B:$F,3,FALSE)&"("&VLOOKUP(X44,'ET 시간 배정'!$B:$F,2,FALSE)&")","") | Z45: =IFERROR(VLOOKUP(Z44,'ET 시간 배정'!$B:$F,3,FALSE)&"("&VLOOKUP(Z44,'ET 시간 배정'!$B:$F,2,FALSE)&")","") -> 이은채(9) | AA45: =IFERROR(VLOOKUP(AA44,'ET 시간 배정'!$B:$F,3,FALSE)&"("&VLOOKUP(AA44,'ET 시간 배정'!$B:$F,2,FALSE)&")","") | AB45: =IFERROR(VLOOKUP(AB44,'ET 시간 배정'!$B:$F,3,FALSE)&"("&VLOOKUP(AB44,'ET 시간 배정'!$B:$F,2,FALSE)&")","") -> 이서현(9) | AC45: =IFERROR(VLOOKUP(AC44,'ET 시간 배정'!$B:$F,3,FALSE)&"("&VLOOKUP(AC44,'ET 시간 배정'!$B:$F,2,FALSE)&")","") | AD45: =IFERROR(VLOOKUP(AD44,'ET 시간 배정'!$B:$F,3,FALSE)&"("&VLOOKUP(AD44,'ET 시간 배정'!$B:$F,2,FALSE)&")","") -> 신유나(9)
B46: 4A019 | C46: 4A018 | D46: 4A017 | E46: 4A016 | F46: 4A015 | H46: 4A014 | I46: 4A013 | J46: 4A012 | K46: 4A011
B47: =IFERROR(VLOOKUP(B46,'ET 시간 배정'!$B:$F,3,FALSE)&"("&VLOOKUP(B46,'ET 시간 배정'!$B:$F,2,FALSE)&")","") | C47: =IFERROR(VLOOKUP(C46,'ET 시간 배정'!$B:$F,3,FALSE)&"("&VLOOKUP(C46,'ET 시간 배정'!$B:$F,2,FALSE)&")","") -> 김민준(9) | D47: =IFERROR(VLOOKUP(D46,'ET 시간 배정'!$B:$F,3,FALSE)&"("&VLOOKUP(D46,'ET 시간 배정'!$B:$F,2,FALSE)&")","") | E47: =IFERROR(VLOOKUP(E46,'ET 시간 배정'!$B:$F,3,FALSE)&"("&VLOOKUP(E46,'ET 시간 배정'!$B:$F,2,FALSE)&")","") -> 구본현(9) | F47: =IFERROR(VLOOKUP(F46,'ET 시간 배정'!$B:$F,3,FALSE)&"("&VLOOKUP(F46,'ET 시간 배정'!$B:$F,2,FALSE)&")","") | H47: =IFERROR(VLOOKUP(H46,'ET 시간 배정'!$B:$F,3,FALSE)&"("&VLOOKUP(H46,'ET 시간 배정'!$B:$F,2,FALSE)&")","") -> 황유민(8) | I47: =IFERROR(VLOOKUP(I46,'ET 시간 배정'!$B:$F,3,FALSE)&"("&VLOOKUP(I46,'ET 시간 배정'!$B:$F,2,FALSE)&")","") | J47: =IFERROR(VLOOKUP(J46,'ET 시간 배정'!$B:$F,3,FALSE)&"("&VLOOKUP(J46,'ET 시간 배정'!$B:$F,2,FALSE)&")","") -> 최진우(8) | K47: =IFERROR(VLOOKUP(K46,'ET 시간 배정'!$B:$F,3,FALSE)&"("&VLOOKUP(K46,'ET 시간 배정'!$B:$F,2,FALSE)&")","") | N47: 출 입 문 | R47: 출 입 문 | T47: 4D016 | U47: 4D015 | V47: 4D014 | W47: 4D013 | X47: 4D012 | Z47: 4D011 | AA47: 4D010 | AB47: 4D009 | AC47: 4D008 | AD47: 4D007
T48: =IFERROR(VLOOKUP(T47,'ET 시간 배정'!$B:$F,3,FALSE)&"("&VLOOKUP(T47,'ET 시간 배정'!$B:$F,2,FALSE)&")","") -> 백수아(9) | U48: =IFERROR(VLOOKUP(U47,'ET 시간 배정'!$B:$F,3,FALSE)&"("&VLOOKUP(U47,'ET 시간 배정'!$B:$F,2,FALSE)&")","") | V48: =IFERROR(VLOOKUP(V47,'ET 시간 배정'!$B:$F,3,FALSE)&"("&VLOOKUP(V47,'ET 시간 배정'!$B:$F,2,FALSE)&")","") -> 박소연(9) | W48: =IFERROR(VLOOKUP(W47,'ET 시간 배정'!$B:$F,3,FALSE)&"("&VLOOKUP(W47,'ET 시간 배정'!$B:$F,2,FALSE)&")","") | X48: =IFERROR(VLOOKUP(X47,'ET 시간 배정'!$B:$F,3,FALSE)&"("&VLOOKUP(X47,'ET 시간 배정'!$B:$F,2,FALSE)&")","") -> 노현지(9) | Z48: =IFERROR(VLOOKUP(Z47,'ET 시간 배정'!$B:$F,3,FALSE)&"("&VLOOKUP(Z47,'ET 시간 배정'!$B:$F,2,FALSE)&")","") | AA48: =IFERROR(VLOOKUP(AA47,'ET 시간 배정'!$B:$F,3,FALSE)&"("&VLOOKUP(AA47,'ET 시간 배정'!$B:$F,2,FALSE)&")","") -> 김지은(9) | AB48: =IFERROR(VLOOKUP(AB47,'ET 시간 배정'!$B:$F,3,FALSE)&"("&VLOOKUP(AB47,'ET 시간 배정'!$B:$F,2,FALSE)&")","") | AC48: =IFERROR(VLOOKUP(AC47,'ET 시간 배정'!$B:$F,3,FALSE)&"("&VLOOKUP(AC47,'ET 시간 배정'!$B:$F,2,FALSE)&")","") -> 김서윤(9) | AD48: =IFERROR(VLOOKUP(AD47,'ET 시간 배정'!$B:$F,3,FALSE)&"("&VLOOKUP(AD47,'ET 시간 배정'!$B:$F,2,FALSE)&")","")
B49: 4A010 | C49: 4A009 | D49: 4A008 | E49: 4A007 | F49: 4A006 | H49: 4A005 | I49: 4A004 | J49: 4A003 | K49: 4A002 | L49: 4A001 | X49: 4D006 | Z49: 4D005 | AA49: 4D004 | AB49: 4D003 | AC49: 4D002 | AD49: 4D001
B50: =IFERROR(VLOOKUP(B49,'ET 시간 배정'!$B:$F,3,FALSE)&"("&VLOOKUP(B49,'ET 시간 배정'!$B:$F,2,FALSE)&")","") -> 최은성(8) | C50: =IFERROR(VLOOKUP(C49,'ET 시간 배정'!$B:$F,3,FALSE)&"("&VLOOKUP(C49,'ET 시간 배정'!$B:$F,2,FALSE)&")","") | D50: =IFERROR(VLOOKUP(D49,'ET 시간 배정'!$B:$F,3,FALSE)&"("&VLOOKUP(D49,'ET 시간 배정'!$B:$F,2,FALSE)&")","") -> 조성민(8) | E50: =IFERROR(VLOOKUP(E49,'ET 시간 배정'!$B:$F,3,FALSE)&"("&VLOOKUP(E49,'ET 시간 배정'!$B:$F,2,FALSE)&")","") | F50: =IFERROR(VLOOKUP(F49,'ET 시간 배정'!$B:$F,3,FALSE)&"("&VLOOKUP(F49,'ET 시간 배정'!$B:$F,2,FALSE)&")","") -> 정래영(8) | H50: =IFERROR(VLOOKUP(H49,'ET 시간 배정'!$B:$F,3,FALSE)&"("&VLOOKUP(H49,'ET 시간 배정'!$B:$F,2,FALSE)&")","") | I50: =IFERROR(VLOOKUP(I49,'ET 시간 배정'!$B:$F,3,FALSE)&"("&VLOOKUP(I49,'ET 시간 배정'!$B:$F,2,FALSE)&")","") -> 전규진(8) | J50: =IFERROR(VLOOKUP(J49,'ET 시간 배정'!$B:$F,3,FALSE)&"("&VLOOKUP(J49,'ET 시간 배정'!$B:$F,2,FALSE)&")","") | K50: =IFERROR(VLOOKUP(K49,'ET 시간 배정'!$B:$F,3,FALSE)&"("&VLOOKUP(K49,'ET 시간 배정'!$B:$F,2,FALSE)&")","") -> 이효민(8) | L50: =IFERROR(VLOOKUP(L49,'ET 시간 배정'!$B:$F,3,FALSE)&"("&VLOOKUP(L49,'ET 시간 배정'!$B:$F,2,FALSE)&")","") | X50: =IFERROR(VLOOKUP(X49,'ET 시간 배정'!$B:$F,3,FALSE)&"("&VLOOKUP(X49,'ET 시간 배정'!$B:$F,2,FALSE)&")","") | Z50: =IFERROR(VLOOKUP(Z49,'ET 시간 배정'!$B:$F,3,FALSE)&"("&VLOOKUP(Z49,'ET 시간 배정'!$B:$F,2,FALSE)&")","") -> 김민서(9) | AA50: =IFERROR(VLOOKUP(AA49,'ET 시간 배정'!$B:$F,3,FALSE)&"("&VLOOKUP(AA49,'ET 시간 배정'!$B:$F,2,FALSE)&")","") | AB50: =IFERROR(VLOOKUP(AB49,'ET 시간 배정'!$B:$F,3,FALSE)&"("&VLOOKUP(AB49,'ET 시간 배정'!$B:$F,2,FALSE)&")","") -> 김도윤(9) | AC50: =IFERROR(VLOOKUP(AC49,'ET 시간 배정'!$B:$F,3,FALSE)&"("&VLOOKUP(AC49,'ET 시간 배정'!$B:$F,2,FALSE)&")","") | AD50: =IFERROR(VLOOKUP(AD49,'ET 시간 배정'!$B:$F,3,FALSE)&"("&VLOOKUP(AD49,'ET 시간 배정'!$B:$F,2,FALSE)&")","") -> 권하진(9)
N51: 주 출입구

Sheet 3층 강의실 배정
D2: C306 | L2: C307 | S2: C309
B4: 좌석 | C4: C306-1 | D4: C306-8 | E4: C306-15 | F4: C306-22 | G4: C306-29 | H4: C306-36 | J4: 좌석 | K4: C307-1 | L4: C307-7 | M4: C307-13 | N4: C307-19 | O4: C307-25 | Q4: 좌석 | R4: C309-1 | S4: C309-7 | T4: C309-13 | U4: C309-19 | V4: C309-25
B5: 반 | C5: =VLOOKUP(C4,'ET 시간 배정'!$B$187:$E$377,2,0) -> 0 | D5: =VLOOKUP(D4,'ET 시간 배정'!$B$187:$E$377,2,0) -> 0 | E5: =VLOOKUP(E4,'ET 시간 배정'!$B$187:$E$377,2,0) -> 0 | F5: =VLOOKUP(F4,'ET 시간 배정'!$B$187:$E$377,2,0) -> 0 | G5: =VLOOKUP(G4,'ET 시간 배정'!$B$187:$E$377,2,0) -> 0 | H5: =VLOOKUP(H4,'ET 시간 배정'!$B$187:$E$377,2,0) -> 0 | J5: 반 | K5: =VLOOKUP(K4,'ET 시간 배정'!$B$187:$E$377,2,0) -> 0 | L5: =VLOOKUP(L4,'ET 시간 배정'!$B$187:$E$377,2,0) -> 0 | M5: =VLOOKUP(M4,'ET 시간 배정'!$B$187:$E$377,2,0) -> 0 | N5: =VLOOKUP(N4,'ET 시간 배정'!$B$187:$E$377,2,0) -> 0 | O5: =VLOOKUP(O4,'ET 시간 배정'!$B$187:$E$377,2,0) -> 0 | Q5: 반 | R5: =VLOOKUP(R4,'ET 시간 배정'!$B$187:$E$377,2,0) -> 0 | S5: =VLOOKUP(S4,'ET 시간 배정'!$B$187:$E$377,2,0) -> 0 | T5: =VLOOKUP(T4,'ET 시간 배정'!$B$187:$E$377,2,0) -> 0 | U5: =VLOOKUP(U4,'ET 시간 배정'!$B$187:$E$377,2,0) -> 0 | V5: =VLOOKUP(V4,'ET 시간 배정'!$B$187:$E$377,2,0) -> 0
B6: 이름 | C6: =VLOOKUP(C4,'ET 시간 배정'!$B$187:$E$377,3,0) -> 0 | D6: =VLOOKUP(D4,'ET 시간 배정'!$B$187:$E$377,3,0) -> 0 | E6: =VLOOKUP(E4,'ET 시간 배정'!$B$187:$E$377,3,0) -> 0 | F6: =VLOOKUP(F4,'ET 시간 배정'!$B$187:$E$377,3,0) -> 0 | G6: =VLOOKUP(G4,'ET 시간 배정'!$B$187:$E$377,3,0) -> 0 | H6: =VLOOKUP(H4,'ET 시간 배정'!$B$187:$E$377,3,0) -> 0 | J6: 이름 | K6: =VLOOKUP(K4,'ET 시간 배정'!$B$187:$E$377,3,0) -> 0 | L6: =VLOOKUP(L4,'ET 시간 배정'!$B$187:$E$377,3,0) -> 0 | M6: =VLOOKUP(M4,'ET 시간 배정'!$B$187:$E$377,3,0) -> 0 | N6: =VLOOKUP(N4,'ET 시간 배정'!$B$187:$E$377,3,0) -> 0 | O6: =VLOOKUP(O4,'ET 시간 배정'!$B$187:$E$377,3,0) -> 0 | Q6: 이름 | R6: =VLOOKUP(R4,'ET 시간 배정'!$B$187:$E$377,3,0) -> 0 | S6: =VLOOKUP(S4,'ET 시간 배정'!$B$187:$E$377,3,0) -> 0 | T6: =VLOOKUP(T4,'ET 시간 배정'!$B$187:$E$377,3,0) -> 0 | U6: =VLOOKUP(U4,'ET 시간 배정'!$B$187:$E$377,3,0) -> 0 | V6: =VLOOKUP(V4,'ET 시간 배정'!$B$187:$E$377,3,0) -> 0
B7: 좌석 | C7: C306-2 | D7: C306-9 | E7: C306-16 | F7: C306-23 | G7: C306-30 | H7: C306-37 | J7: 좌석 | K7: C307-2 | L7: C307-8 | M7: C307-14 | N7: C307-20 | O7: C307-26 | Q7: 좌석 | R7: C309-2 | S7: C309-8 | T7: C309-14 | U7: C309-20 | V7: C309-26
B8: 반 | C8: =VLOOKUP(C7,'ET 시간 배정'!$B$187:$E$377,2,0) -> 0 | D8: =VLOOKUP(D7,'ET 시간 배정'!$B$187:$E$377,2,0) -> 0 | E8: =VLOOKUP(E7,'ET 시간 배정'!$B$187:$E$377,2,0) -> 0 | F8: =VLOOKUP(F7,'ET 시간 배정'!$B$187:$E$377,2,0) -> 0 | G8: =VLOOKUP(G7,'ET 시간 배정'!$B$187:$E$377,2,0) -> 0 | H8: =VLOOKUP(H7,'ET 시간 배정'!$B$187:$E$377,2,0) -> 0 | J8: 반 | K8: =VLOOKUP(K7,'ET 시간 배정'!$B$187:$E$377,2,0) -> 0 | L8: =VLOOKUP(L7,'ET 시간 배정'!$B$187:$E$377,2,0) -> 0 | M8: =VLOOKUP(M7,'ET 시간 배정'!$B$187:$E$377,2,0) -> 0 | N8: =VLOOKUP(N7,'ET 시간 배정'!$B$187:$E$377,2,0) -> 0 | O8: =VLOOKUP(O7,'ET 시간 배정'!$B$187:$E$377,2,0) -> 0 | Q8: 반 | R8: =VLOOKUP(R7,'ET 시간 배정'!$B$187:$E$377,2,0) -> 0 | S8: =VLOOKUP(S7,'ET 시간 배정'!$B$187:$E$377,2,0) -> 0 | T8: =VLOOKUP(T7,'ET 시간 배정'!$B$187:$E$377,2,0) -> 0 | U8: =VLOOKUP(U7,'ET 시간 배정'!$B$187:$E$377,2,0) -> 0 | V8: =VLOOKUP(V7,'ET 시간 배정'!$B$187:$E$377,2,0) -> 0
B9: 이름 | C9: =VLOOKUP(C7,'ET 시간 배정'!$B$187:$E$377,3,0) -> 0 | D9: =VLOOKUP(D7,'ET 시간 배정'!$B$187:$E$377,3,0) -> 0 | E9: =VLOOKUP(E7,'ET 시간 배정'!$B$187:$E$377,3,0) -> 0 | F9: =VLOOKUP(F7,'ET 시간 배정'!$B$187:$E$377,3,0) -> 0 | G9: =VLOOKUP(G7,'ET 시간 배정'!$B$187:$E$377,3,0) -> 0 | H9: =VLOOKUP(H7,'ET 시간 배정'!$B$187:$E$377,3,0) -> 0 | J9: 이름 | K9: =VLOOKUP(K7,'ET 시간 배정'!$B$187:$E$377,3,0) -> 0 | L9: =VLOOKUP(L7,'ET 시간 배정'!$B$187:$E$377,3,0) -> 0 | M9: =VLOOKUP(M7,'ET 시간 배정'!$B$187:$E$377,3,0) -> 0 | N9: =VLOOKUP(N7,'ET 시간 배정'!$B$187:$E$377,3,0) -> 0 | O9: =VLOOKUP(O7,'ET 시간 배정'!$B$187:$E$377,3,0) -> 0 | Q9: 이름 | R9: =VLOOKUP(R7,'ET 시간 배정'!$B$187:$E$377,3,0) -> 0 | S9: =VLOOKUP(S7,'ET 시간 배정'!$B$187:$E$377,3,0) -> 0 | T9: =VLOOKUP(T7,'ET 시간 배정'!$B$187:$E$377,3,0) -> 0 | U9: =VLOOKUP(U7,'ET 시간 배정'!$B$187:$E$377,3,0) -> 0 | V9: =VLOOKUP(V7,'ET 시간 배정'!$B$187:$E$377,3,0) -> 0
B10: 좌석 | C10: C306-3 | D10: C306-10 | E10: C306-17 | F10: C306-24 | G10: C306-31 | H10: C306-38 | J10: 좌석 | K10: C307-3 | L10: C307-9 | M10: C307-15 | N10: C307-21 | O10: C307-27 | Q10: 좌석 | R10: C309-3 | S10: C309-9 | T10: C309-15 | U10: C309-21 | V10: C309-27
B11: 반 | C11: =VLOOKUP(C10,'ET 시간 배정'!$B$187:$E$377,2,0) -> 0 | D11: =VLOOKUP(D10,'ET 시간 배정'!$B$187:$E$377,2,0) -> 0 | E11: =VLOOKUP(E10,'ET 시간 배정'!$B$187:$E$377,2,0) -> 0 | F11: =VLOOKUP(F10,'ET 시간 배정'!$B$187:$E$377,2,0) -> 0 | G11: =VLOOKUP(G10,'ET 시간 배정'!$B$187:$E$377,2,0) -> 0 | H11: =VLOOKUP(H10,'ET 시간 배정'!$B$187:$E$377,2,0) -> 0 | J11: 반 | K11: =VLOOKUP(K10,'ET 시간 배정'!$B$187:$E$377,2,0) -> 0 | L11: =VLOOKUP(L10,'ET 시간 배정'!$B$187:$E$377,2,0) -> 0 | M11: =VLOOKUP(M10,'ET 시간 배정'!$B$187:$E$377,2,0) -> 0 | N11: =VLOOKUP(N10,'ET 시간 배정'!$B$187:$E$377,2,0) -> 0 | O11: =VLOOKUP(O10,'ET 시간 배정'!$B$187:$E$377,2,0) -> 0 | Q11: 반 | R11: =VLOOKUP(R10,'ET 시간 배정'!$B$187:$E$377,2,0) -> 0 | S11: =VLOOKUP(S10,'ET 시간 배정'!$B$187:$E$377,2,0) -> 0 | T11: =VLOOKUP(T10,'ET 시간 배정'!$B$187:$E$377,2,0) -> 0 | U11: =VLOOKUP(U10,'ET 시간 배정'!$B$187:$E$377,2,0) -> 0 | V11: =VLOOKUP(V10,'ET 시간 배정'!$B$187:$E$377,2,0) -> 0
B12: 이름 | C12: =VLOOKUP(C10,'ET 시간 배정'!$B$187:$E$377,3,0) -> 0 | D12: =VLOOKUP(D10,'ET 시간 배정'!$B$187:$E$377,3,0) -> 0 | E12: =VLOOKUP(E10,'ET 시간 배정'!$B$187:$E$377,3,0) -> 0 | F12: =VLOOKUP(F10,'ET 시간 배정'!$B$187:$E$377,3,0) -> 0 | G12: =VLOOKUP(G10,'ET 시간 배정'!$B$187:$E$377,3,0) -> 0 | H12: =VLOOKUP(H10,'ET 시간 배정'!$B$187:$E$377,3,0) -> 0 | J12: 이름 | K12: =VLOOKUP(K10,'ET 시간 배정'!$B$187:$E$377,3,0) -> 0 | L12: =VLOOKUP(L10,'ET 시간 배정'!$B$187:$E$377,3,0) -> 0 | M12: =VLOOKUP(M10,'ET 시간 배정'!$B$187:$E$377,3,0) -> 0 | N12: =VLOOKUP(N10,'ET 시간 배정'!$B$187:$E$377,3,0) -> 0 | O12: =VLOOKUP(O10,'ET 시간 배정'!$B$187:$E$377,3,0) -> 0 | Q12: 이름 | R12: =VLOOKUP(R10,'ET 시간 배정'!$B$187:$E$377,3,0) -> 0 | S12: =VLOOKUP(S10,'ET 시간 배정'!$B$187:$E$377,3,0) -> 0 | T12: =VLOOKUP(T10,'ET 시간 배정'!$B$187:$E$377,3,0) -> 0 | U12: =VLOOKUP(U10,'ET 시간 배정'!$B$187:$E$377,3,0) -> 0 | V12: =VLOOKUP(V10,'ET 시간 배정'!$B$187:$E$377,3,0) -> 0
B13: 좌석 | C13: C306-4 | D13: C306-11 | E13: C306-18 | F13: C306-25 | G13: C306-32 | H13: C306-39 | J13: 좌석 | K13: C307-4 | L13: C307-10 | M13: C307-16 | N13: C307-22 | O13: C307-28 | Q13: 좌석 | R13: C309-4 | S13: C309-10 | T13: C309-16 | U13: C309-22 | V13: C309-28
B14: 반 | C14: =VLOOKUP(C13,'ET 시간 배정'!$B$187:$E$377,2,0) -> 0 | D14: =VLOOKUP(D13,'ET 시간 배정'!$B$187:$E$377,2,0) -> 0 | E14: =VLOOKUP(E13,'ET 시간 배정'!$B$187:$E$377,2,0) -> 0 | F14: =VLOOKUP(F13,'ET 시간 배정'!$B$187:$E$377,2,0) -> 0 | G14: =VLOOKUP(G13,'ET 시간 배정'!$B$187:$E$377,2,0) -> 0 | H14: =VLOOKUP(H13,'ET 시간 배정'!$B$187:$E$377,2,0) -> 0 | J14: 반 | K14: =VLOOKUP(K13,'ET 시간 배정'!$B$187:$E$377,2,0) -> 0 | L14: =VLOOKUP(L13,'ET 시간 배정'!$B$187:$E$377,2,0) -> 0 | M14: =VLOOKUP(M13,'ET 시간 배정'!$B$187:$E$377,2,0) -> 0 | N14: =VLOOKUP(N13,'ET 시간 배정'!$B$187:$E$377,2,0) -> 0 | O14: =VLOOKUP(O13,'ET 시간 배정'!$B$187:$E$377,2,0) -> 0 | Q14: 반 | R14: =VLOOKUP(R13,'ET 시간 배정'!$B$187:$E$377,2,0) -> 0 | S14: =VLOOKUP(S13,'ET 시간 배정'!$B$187:$E$377,2,0) -> 0 | T14: =VLOOKUP(T13,'ET 시간 배정'!$B$187:$E$377,2,0) -> 0 | U14: =VLOOKUP(U13,'ET 시간 배정'!$B$187:$E$377,2,0) -> 0 | V14: =VLOOKUP(V13,'ET 시간 배정'!$B$187:$E$377,2,0) -> 0
B15: 이름 | C15: =VLOOKUP(C13,'ET 시간 배정'!$B$187:$E$377,3,0) -> 0 | D15: =VLOOKUP(D13,'ET 시간 배정'!$B$187:$E$377,3,0) -> 0 | E15: =VLOOKUP(E13,'ET 시간 배정'!$B$187:$E$377,3,0) -> 0 | F15: =VLOOKUP(F13,'ET 시간 배정'!$B$187:$E$377,3,0) -> 0 | G15: =VLOOKUP(G13,'ET 시간 배정'!$B$187:$E$377,3,0) -> 0 | H15: =VLOOKUP(H13,'ET 시간 배정'!$B$187:$E$377,3,0) -> 0 | J15: 이름 | K15: =VLOOKUP(K13,'ET 시간 배정'!$B$187:$E$377,3,0) -> 0 | L15: =VLOOKUP(L13,'ET 시간 배정'!$B$187:$E$377,3,0) -> 0 | M15: =VLOOKUP(M13,'ET 시간 배정'!$B$187:$E$377,3,0) -> 0 | N15: =VLOOKUP(N13,'ET 시간 배정'!$B$187:$E$377,3,0) -> 0 | O15: =VLOOKUP(O13,'ET 시간 배정'!$B$187:$E$377,3,0) -> 0 | Q15: 이름 | R15: =VLOOKUP(R13,'ET 시간 배정'!$B$187:$E$377,3,0) -> 0 | S15: =VLOOKUP(S13,'ET 시간 배정'!$B$187:$E$377,3,0) -> 0 | T15: =VLOOKUP(T13,'ET 시간 배정'!$B$187:$E$377,3,0) -> 0 | U15: =VLOOKUP(U13,'ET 시간 배정'!$B$187:$E$377,3,0) -> 0 | V15: =VLOOKUP(V13,'ET 시간 배정'!$B$187:$E$377,3,0) -> 0
B16: 좌석 | C16: C306-5 | D16: C306-12 | E16: C306-19 | F16: C306-26 | G16: C306-33 | H16: C306-40 | J16: 좌석 | K16: C307-5 | L16: C307-11 | M16: C307-17 | N16: C307-23 | O16: C307-29 | Q16: 좌석 | R16: C309-5 | S16: C309-11 | T16: C309-17 | U16: C309-23 | V16: C309-29
B17: 반 | C17: =VLOOKUP(C16,'ET 시간 배정'!$B$187:$E$377,2,0) -> 0 | D17: =VLOOKUP(D16,'ET 시간 배정'!$B$187:$E$377,2,0) -> 0 | E17: =VLOOKUP(E16,'ET 시간 배정'!$B$187:$E$377,2,0) -> 0 | F17: =VLOOKUP(F16,'ET 시간 배정'!$B$187:$E$377,2,0) -> 0 | G17: =VLOOKUP(G16,'ET 시간 배정'!$B$187:$E$377,2,0) -> 0 | H17: =VLOOKUP(H16,'ET 시간 배정'!$B$187:$E$377,2,0) -> 0 | J17: 반 | K17: =VLOOKUP(K16,'ET 시간 배정'!$B$187:$E$377,2,0) -> 0 | L17: =VLOOKUP(L16,'ET 시간 배정'!$B$187:$E$377,2,0) -> 0 | M17: =VLOOKUP(M16,'ET 시간 배정'!$B$187:$E$377,2,0) -> 0 | N17: =VLOOKUP(N16,'ET 시간 배정'!$B$187:$E$377,2,0) -> 0 | O17: =VLOOKUP(O16,'ET 시간 배정'!$B$187:$E$377,2,0) -> 0 | Q17: 반 | R17: =VLOOKUP(R16,'ET 시간 배정'!$B$187:$E$377,2,0) -> 0 | S17: =VLOOKUP(S16,'ET 시간 배정'!$B$187:$E$377,2,0) -> 0 | T17: =VLOOKUP(T16,'ET 시간 배정'!$B$187:$E$377,2,0) -> 0 | U17: =VLOOKUP(U16,'ET 시간 배정'!$B$187:$E$377,2,0) -> 0 | V17: =VLOOKUP(V16,'ET 시간 배정'!$B$187:$E$377,2,0) -> 0
B18: 이름 | C18: =VLOOKUP(C16,'ET 시간 배정'!$B$187:$E$377,3,0) -> 0 | D18: =VLOOKUP(D16,'ET 시간 배정'!$B$187:$E$377,3,0) -> 0 | E18: =VLOOKUP(E16,'ET 시간 배정'!$B$187:$E$377,3,0) -> 0 | F18: =VLOOKUP(F16,'ET 시간 배정'!$B$187:$E$377,3,0) -> 0 | G18: =VLOOKUP(G16,'ET 시간 배정'!$B$187:$E$377,3,0) -> 0 | H18: =VLOOKUP(H16,'ET 시간 배정'!$B$187:$E$377,3,0) -> 0 | J18: 이름 | K18: =VLOOKUP(K16,'ET 시간 배정'!$B$187:$E$377,3,0) -> 0 | L18: =VLOOKUP(L16,'ET 시간 배정'!$B$187:$E$377,3,0) -> 0 | M18: =VLOOKUP(M16,'ET 시간 배정'!$B$187:$E$377,3,0) -> 0 | N18: =VLOOKUP(N16,'ET 시간 배정'!$B$187:$E$377,3,0) -> 0 | O18: =VLOOKUP(O16,'ET 시간 배정'!$B$187:$E$377,3,0) -> 0 | Q18: 이름 | R18: =VLOOKUP(R16,'ET 시간 배정'!$B$187:$E$377,3,0) -> 0 | S18: =VLOOKUP(S16,'ET 시간 배정'!$B$187:$E$377,3,0) -> 0 | T18: =VLOOKUP(T16,'ET 시간 배정'!$B$187:$E$377,3,0) -> 0 | U18: =VLOOKUP(U16,'ET 시간 배정'!$B$187:$E$377,3,0) -> 0 | V18: =VLOOKUP(V16,'ET 시간 배정'!$B$187:$E$377,3,0) -> 0
B19: 좌석 | C19: C306-6 | D19: C306-13 | E19: C306-20 | F19: C306-27 | G19: C306-34 | H19: C306-41 | J19: 좌석 | K19: C307-6 | L19: C307-12 | M19: C307-18 | N19: C307-24 | O19: C307-30 | Q19: 좌석 | R19: C309-6 | S19: C309-12 | T19: C309-18 | U19: C309-24 | V19: C309-30
B20: 반 | C20: =VLOOKUP(C19,'ET 시간 배정'!$B$187:$E$377,2,0) -> 0 | D20: =VLOOKUP(D19,'ET 시간 배정'!$B$187:$E$377,2,0) -> 0 | E20: =VLOOKUP(E19,'ET 시간 배정'!$B$187:$E$377,2,0) -> 0 | F20: =VLOOKUP(F19,'ET 시간 배정'!$B$187:$E$377,2,0) -> 0 | G20: =VLOOKUP(G19,'ET 시간 배정'!$B$187:$E$377,2,0) -> 0 | H20: =VLOOKUP(H19,'ET 시간 배정'!$B$187:$E$377,2,0) -> 0 | J20: 반 | K20: =VLOOKUP(K19,'ET 시간 배정'!$B$187:$E$377,2,0) -> 0 | L20: =VLOOKUP(L19,'ET 시간 배정'!$B$187:$E$377,2,0) -> 0 | M20: =VLOOKUP(M19,'ET 시간 배정'!$B$187:$E$377,2,0) -> 0 | N20: =VLOOKUP(N19,'ET 시간 배정'!$B$187:$E$377,2,0) -> 0 | O20: =VLOOKUP(O19,'ET 시간 배정'!$B$187:$E$377,2,0) -> 0 | Q20: 반 | R20: =VLOOKUP(R19,'ET 시간 배정'!$B$187:$E$377,2,0) -> 0 | S20: =VLOOKUP(S19,'ET 시간 배정'!$B$187:$E$377,2,0) -> 0 | T20: =VLOOKUP(T19,'ET 시간 배정'!$B$187:$E$377,2,0) -> 0 | U20: =VLOOKUP(U19,'ET 시간 배정'!$B$187:$E$377,2,0) -> 0 | V20: =VLOOKUP(V19,'ET 시간 배정'!$B$187:$E$377,2,0) -> 0
B21: 이름 | C21: =VLOOKUP(C19,'ET 시간 배정'!$B$187:$E$377,3,0) -> 0 | D21: =VLOOKUP(D19,'ET 시간 배정'!$B$187:$E$377,3,0) -> 0 | E21: =VLOOKUP(E19,'ET 시간 배정'!$B$187:$E$377,3,0) -> 0 | F21: =VLOOKUP(F19,'ET 시간 배정'!$B$187:$E$377,3,0) -> 0 | G21: =VLOOKUP(G19,'ET 시간 배정'!$B$187:$E$377,3,0) -> 0 | H21: =VLOOKUP(H19,'ET 시간 배정'!$B$187:$E$377,3,0) -> 0 | J21: 이름 | K21: =VLOOKUP(K19,'ET 시간 배정'!$B$187:$E$377,3,0) -> 0 | L21: =VLOOKUP(L19,'ET 시간 배정'!$B$187:$E$377,3,0) -> 0 | M21: =VLOOKUP(M19,'ET 시간 배정'!$B$187:$E$377,3,0) -> 0 | N21: =VLOOKUP(N19,'ET 시간 배정'!$B$187:$E$377,3,0) -> 0 | O21: =VLOOKUP(O19,'ET 시간 배정'!$B$187:$E$377,3,0) -> 0 | Q21: 이름 | R21: =VLOOKUP(R19,'ET 시간 배정'!$B$187:$E$377,3,0) -> 0 | S21: =VLOOKUP(S19,'ET 시간 배정'!$B$187:$E$377,3,0) -> 0 | T21: =VLOOKUP(T19,'ET 시간 배정'!$B$187:$E$377,3,0) -> 0 | U21: =VLOOKUP(U19,'ET 시간 배정'!$B$187:$E$377,3,0) -> 0 | V21: =VLOOKUP(V19,'ET 시간 배정'!$B$187:$E$377,3,0) -> 0
B22: 좌석 | C22: C306-7 | D22: C306-14 | E22: C306-21 | F22: C306-28 | G22: C306-35 | H22: C306-42
B23: 반 | C23: =VLOOKUP(C22,'ET 시간 배정'!$B$187:$E$377,2,0) -> 0 | D23: =VLOOKUP(D22,'ET 시간 배정'!$B$187:$E$377,2,0) -> 0 | E23: =VLOOKUP(E22,'ET 시간 배정'!$B$187:$E$377,2,0) -> 0 | F23: =VLOOKUP(F22,'ET 시간 배정'!$B$187:$E$377,2,0) -> 0 | G23: =VLOOKUP(G22,'ET 시간 배정'!$B$187:$E$377,2,0) -> 0
B24: 이름 | C24: =VLOOKUP(C22,'ET 시간 배정'!$B$187:$E$377,3,0) -> 0 | D24: =VLOOKUP(D22,'ET 시간 배정'!$B$187:$E$377,3,0) -> 0 | E24: =VLOOKUP(E22,'ET 시간 배정'!$B$187:$E$377,3,0) -> 0 | F24: =VLOOKUP(F22,'ET 시간 배정'!$B$187:$E$377,3,0) -> 0 | G24: =VLOOKUP(G22,'ET 시간 배정'!$B$187:$E$377,3,0) -> 0
D26: A301 | L26: A302 | S26: A308
B28: 좌석 | C28: A301-1 | D28: A301-7 | E28: A301-13 | F28: A301-19 | G28: A301-25 | J28: 좌석 | K28: A302-1 | L28: A302-7 | M28: A302-13 | N28: A302-19 | O28: A302-25 | Q28: 좌석 | R28: A308-1 | S28: A308-7 | T28: A308-13 | U28: A308-19 | V28: A308-25
B29: 반 | C29: =VLOOKUP(C28,'ET 시간 배정'!$B$187:$E$377,2,0) -> 0 | D29: =VLOOKUP(D28,'ET 시간 배정'!$B$187:$E$377,2,0) -> 0 | E29: =VLOOKUP(E28,'ET 시간 배정'!$B$187:$E$377,2,0) -> 0 | F29: =VLOOKUP(F28,'ET 시간 배정'!$B$187:$E$377,2,0) -> 0 | G29: =VLOOKUP(G28,'ET 시간 배정'!$B$187:$E$377,2,0) -> 0 | J29: 반 | K29: =VLOOKUP(K28,'ET 시간 배정'!$B$187:$E$377,2,0) -> 0 | L29: =VLOOKUP(L28,'ET 시간 배정'!$B$187:$E$377,2,0) -> 0 | M29: =VLOOKUP(M28,'ET 시간 배정'!$B$187:$E$377,2,0) -> 0 | N29: =VLOOKUP(N28,'ET 시간 배정'!$B$187:$E$377,2,0) -> 0 | O29: =VLOOKUP(O28,'ET 시간 배정'!$B$187:$E$377,2,0) -> 0 | Q29: 반 | R29: =VLOOKUP(R28,'ET 시간 배정'!$B$187:$E$377,2,0) -> 0 | S29: =VLOOKUP(S28,'ET 시간 배정'!$B$187:$E$377,2,0) -> 0 | T29: =VLOOKUP(T28,'ET 시간 배정'!$B$187:$E$377,2,0) -> 0 | U29: =VLOOKUP(U28,'ET 시간 배정'!$B$187:$E$377,2,0) -> 0 | V29: =VLOOKUP(V28,'ET 시간 배정'!$B$187:$E$377,2,0) -> 0
B30: 이름 | C30: =VLOOKUP(C28,'ET 시간 배정'!$B$187:$E$377,3,0) -> 0 | D30: =VLOOKUP(D28,'ET 시간 배정'!$B$187:$E$377,3,0) -> 0 | E30: =VLOOKUP(E28,'ET 시간 배정'!$B$187:$E$377,3,0) -> 0 | F30: =VLOOKUP(F28,'ET 시간 배정'!$B$187:$E$377,3,0) -> 0 | G30: =VLOOKUP(G28,'ET 시간 배정'!$B$187:$E$377,3,0) -> 0 | J30: 이름 | K30: =VLOOKUP(K28,'ET 시간 배정'!$B$187:$E$377,3,0) -> 0 | L30: =VLOOKUP(L28,'ET 시간 배정'!$B$187:$E$377,3,0) -> 0 | M30: =VLOOKUP(M28,'ET 시간 배정'!$B$187:$E$377,3,0) -> 0 | N30: =VLOOKUP(N28,'ET 시간 배정'!$B$187:$E$377,3,0) -> 0 | O30: =VLOOKUP(O28,'ET 시간 배정'!$B$187:$E$377,3,0) -> 0 | Q30: 이름 | R30: =VLOOKUP(R28,'ET 시간 배정'!$B$187:$E$377,3,0) -> 0 | S30: =VLOOKUP(S28,'ET 시간 배정'!$B$187:$E$377,3,0) -> 0 | T30: =VLOOKUP(T28,'ET 시간 배정'!$B$187:$E$377,3,0) -> 0 | U30: =VLOOKUP(U28,'ET 시간 배정'!$B$187:$E$377,3,0) -> 0 | V30: =VLOOKUP(V28,'ET 시간 배정'!$B$187:$E$377,3,0) -> 0
B31: 좌석 | C31: A301-2 | D31: A301-8 | E31: A301-14 | F31: A301-20 | G31: A301-26 | J31: 좌석 | K31: A302-2 | L31: A302-8 | M31: A302-14 | N31: A302-20 | O31: A302-26 | Q31: 좌석 | R31: A308-2 | S31: A308-8 | T31: A308-14 | U31: A308-20 | V31: A308-26
B32: 반 | C32: =VLOOKUP(C31,'ET 시간 배정'!$B$187:$E$377,2,0) -> 0 | D32: =VLOOKUP(D31,'ET 시간 배정'!$B$187:$E$377,2,0) -> 0 | E32: =VLOOKUP(E31,'ET 시간 배정'!$B$187:$E$377,2,0) -> 0 | F32: =VLOOKUP(F31,'ET 시간 배정'!$B$187:$E$377,2,0) -> 0 | G32: =VLOOKUP(G31,'ET 시간 배정'!$B$187:$E$377,2,0) -> 0 | J32: 반 | K32: =VLOOKUP(K31,'ET 시간 배정'!$B$187:$E$377,2,0) -> 0 | L32: =VLOOKUP(L31,'ET 시간 배정'!$B$187:$E$377,2,0) -> 0 | M32: =VLOOKUP(M31,'ET 시간 배정'!$B$187:$E$377,2,0) -> 0 | N32: =VLOOKUP(N31,'ET 시간 배정'!$B$187:$E$377,2,0) -> 0 | O32: =VLOOKUP(O31,'ET 시간 배정'!$B$187:$E$377,2,0) -> 0 | Q32: 반 | R32: =VLOOKUP(R31,'ET 시간 배정'!$B$187:$E$377,2,0) -> 0 | S32: =VLOOKUP(S31,'ET 시간 배정'!$B$187:$E$377,2,0) -> 0 | T32: =VLOOKUP(T31,'ET 시간 배정'!$B$187:$E$377,2,0) -> 0 | U32: =VLOOKUP(U31,'ET 시간 배정'!$B$187:$E$377,2,0) -> 0 | V32: =VLOOKUP(V31,'ET 시간 배정'!$B$187:$E$377,2,0) -> 0
B33: 이름 | C33: =VLOOKUP(C31,'ET 시간 배정'!$B$187:$E$377,3,0) -> 0 | D33: =VLOOKUP(D31,'ET 시간 배정'!$B$187:$E$377,3,0) -> 0 | E33: =VLOOKUP(E31,'ET 시간 배정'!$B$187:$E$377,3,0) -> 0 | F33: =VLOOKUP(F31,'ET 시간 배정'!$B$187:$E$377,3,0) -> 0 | G33: =VLOOKUP(G31,'ET 시간 배정'!$B$187:$E$377,3,0) -> 0 | J33: 이름 | K33: =VLOOKUP(K31,'ET 시간 배정'!$B$187:$E$377,3,0) -> 0 | L33: =VLOOKUP(L31,'ET 시간 배정'!$B$187:$E$377,3,0) -> 0 | M33: =VLOOKUP(M31,'ET 시간 배정'!$B$187:$E$377,3,0) -> 0 | N33: =VLOOKUP(N31,'ET 시간 배정'!$B$187:$E$377,3,0) -> 0 | O33: =VLOOKUP(O31,'ET 시간 배정'!$B$187:$E$377,3,0) -> 0 | Q33: 이름 | R33: =VLOOKUP(R31,'ET 시간 배정'!$B$187:$E$377,3,0) -> 0 | S33: =VLOOKUP(S31,'ET 시간 배정'!$B$187:$E$377,3,0) -> 0 | T33: =VLOOKUP(T31,'ET 시간 배정'!$B$187:$E$377,3,0) -> 0 | U33: =VLOOKUP(U31,'ET 시간 배정'!$B$187:$E$377,3,0) -> 0 | V33: =VLOOKUP(V31,'ET 시간 배정'!$B$187:$E$377,3,0) -> 0
B34: 좌석 | C34: A301-3 | D34: A301-9 | E34: A301-15 | F34: A301-21 | G34: A301-27 | J34: 좌석 | K34: A302-3 | L34: A302-9 | M34: A302-15 | N34: A302-21 | O34: A302-27 | Q34: 좌석 | R34: A308-3 | S34: A308-9 | T34: A308-15 | U34: A308-21 | V34: A308-27
B35: 반 | C35: =VLOOKUP(C34,'ET 시간 배정'!$B$187:$E$377,2,0) -> 0 | D35: =VLOOKUP(D34,'ET 시간 배정'!$B$187:$E$377,2,0) -> 0 | E35: =VLOOKUP(E34,'ET 시간 배정'!$B$187:$E$377,2,0) -> 0 | F35: =VLOOKUP(F34,'ET 시간 배정'!$B$187:$E$377,2,0) -> 0 | G35: =VLOOKUP(G34,'ET 시간 배정'!$B$187:$E$377,2,0) -> 0 | J35: 반 | K35: =VLOOKUP(K34,'ET 시간 배정'!$B$187:$E$377,2,0) -> 0 | L35: =VLOOKUP(L34,'ET 시간 배정'!$B$187:$E$377,2,0) -> 0 | M35: =VLOOKUP(M34,'ET 시간 배정'!$B$187:$E$377,2,0) -> 0 | N35: =VLOOKUP(N34,'ET 시간 배정'!$B$187:$E$377,2,0) -> 0 | O35: =VLOOKUP(O34,'ET 시간 배정'!$B$187:$E$377,2,0) -> 0 | Q35: 반 | R35: =VLOOKUP(R34,'ET 시간 배정'!$B$187:$E$377,2,0) -> 0 | S35: =VLOOKUP(S34,'ET 시간 배정'!$B$187:$E$377,2,0) -> 0 | T35: =VLOOKUP(T34,'ET 시간 배정'!$B$187:$E$377,2,0) -> 0 | U35: =VLOOKUP(U34,'ET 시간 배정'!$B$187:$E$377,2,0) -> 0 | V35: =VLOOKUP(V34,'ET 시간 배정'!$B$187:$E$377,2,0) -> 0
B36: 이름 | C36: =VLOOKUP(C34,'ET 시간 배정'!$B$187:$E$377,3,0) -> 0 | D36: =VLOOKUP(D34,'ET 시간 배정'!$B$187:$E$377,3,0) -> 0 | E36: =VLOOKUP(E34,'ET 시간 배정'!$B$187:$E$377,3,0) -> 0 | F36: =VLOOKUP(F34,'ET 시간 배정'!$B$187:$E$377,3,0) -> 0 | G36: =VLOOKUP(G34,'ET 시간 배정'!$B$187:$E$377,3,0) -> 0 | J36: 이름 | K36: =VLOOKUP(K34,'ET 시간 배정'!$B$187:$E$377,3,0) -> 0 | L36: =VLOOKUP(L34,'ET 시간 배정'!$B$187:$E$377,3,0) -> 0 | M36: =VLOOKUP(M34,'ET 시간 배정'!$B$187:$E$377,3,0) -> 0 | N36: =VLOOKUP(N34,'ET 시간 배정'!$B$187:$E$377,3,0) -> 0 | O36: =VLOOKUP(O34,'ET 시간 배정'!$B$187:$E$377,3,0) -> 0 | Q36: 이름 | R36: =VLOOKUP(R34,'ET 시간 배정'!$B$187:$E$377,3,0) -> 0 | S36: =VLOOKUP(S34,'ET 시간 배정'!$B$187:$E$377,3,0) -> 0 | T36: =VLOOKUP(T34,'ET 시간 배정'!$B$187:$E$377,3,0) -> 0 | U36: =VLOOKUP(U34,'ET 시간 배정'!$B$187:$E$377,3,0) -> 0 | V36: =VLOOKUP(V34,'ET 시간 배정'!$B$187:$E$377,3,0) -> 0
B37: 좌석 | C37: A301-4 | D37: A301-10 | E37: A301-16 | F37: A301-22 | G37: A301-28 | J37: 좌석 | K37: A302-4 | L37: A302-10 | M37: A302-16 | N37: A302-22 | O37: A302-28 | Q37: 좌석 | R37: A308-4 | S37: A308-10 | T37: A308-16 | U37: A308-22 | V37: A308-28
B38: 반 | C38: =VLOOKUP(C37,'ET 시간 배정'!$B$187:$E$377,2,0) -> 0 | D38: =VLOOKUP(D37,'ET 시간 배정'!$B$187:$E$377,2,0) -> 0 | E38: =VLOOKUP(E37,'ET 시간 배정'!$B$187:$E$377,2,0) -> 0 | F38: =VLOOKUP(F37,'ET 시간 배정'!$B$187:$E$377,2,0) -> 0 | G38: =VLOOKUP(G37,'ET 시간 배정'!$B$187:$E$377,2,0) -> 0 | J38: 반 | K38: =VLOOKUP(K37,'ET 시간 배정'!$B$187:$E$377,2,0) -> 0 | L38: =VLOOKUP(L37,'ET 시간 배정'!$B$187:$E$377,2,0) -> 0 | M38: =VLOOKUP(M37,'ET 시간 배정'!$B$187:$E$377,2,0) -> 0 | N38: =VLOOKUP(N37,'ET 시간 배정'!$B$187:$E$377,2,0) -> 0 | O38: =VLOOKUP(O37,'ET 시간 배정'!$B$187:$E$377,2,0) -> 0 | Q38: 반 | R38: =VLOOKUP(R37,'ET 시간 배정'!$B$187:$E$377,2,0) -> 0 | S38: =VLOOKUP(S37,'ET 시간 배정'!$B$187:$E$377,2,0) -> 0 | T38: =VLOOKUP(T37,'ET 시간 배정'!$B$187:$E$377,2,0) -> 0 | U38: =VLOOKUP(U37,'ET 시간 배정'!$B$187:$E$377,2,0) -> 0 | V38: =VLOOKUP(V37,'ET 시간 배정'!$B$187:$E$377,2,0) -> 0
B39: 이름 | C39: =VLOOKUP(C37,'ET 시간 배정'!$B$187:$E$377,3,0) -> 0 | D39: =VLOOKUP(D37,'ET 시간 배정'!$B$187:$E$377,3,0) -> 0 | E39: =VLOOKUP(E37,'ET 시간 배정'!$B$187:$E$377,3,0) -> 0 | F39: =VLOOKUP(F37,'ET 시간 배정'!$B$187:$E$377,3,0) -> 0 | G39: =VLOOKUP(G37,'ET 시간 배정'!$B$187:$E$377,3,0) -> 0 | J39: 이름 | K39: =VLOOKUP(K37,'ET 시간 배정'!$B$187:$E$377,3,0) -> 0 | L39: =VLOOKUP(L37,'ET 시간 배정'!$B$187:$E$377,3,0) -> 0 | M39: =VLOOKUP(M37,'ET 시간 배정'!$B$187:$E$377,3,0) -> 0 | N39: =VLOOKUP(N37,'ET 시간 배정'!$B$187:$E$377,3,0) -> 0 | O39: =VLOOKUP(O37,'ET 시간 배정'!$B$187:$E$377,3,0) -> 0 | Q39: 이름 | R39: =VLOOKUP(R37,'ET 시간 배정'!$B$187:$E$377,3,0) -> 0 | S39: =VLOOKUP(S37,'ET 시간 배정'!$B$187:$E$377,3,0) -> 0 | T39: =VLOOKUP(T37,'ET 시간 배정'!$B$187:$E$377,3,0) -> 0 | U39: =VLOOKUP(U37,'ET 시간 배정'!$B$187:$E$377,3,0) -> 0 | V39: =VLOOKUP(V37,'ET 시간 배정'!$B$187:$E$377,3,0) -> 0
B40: 좌석 | C40: A301-5 | D40: A301-11 | E40: A301-17 | F40: A301-23 | G40: A301-29 | J40: 좌석 | K40: A302-5 | L40: A302-11 | M40: A302-17 | N40: A302-23 | O40: A302-29 | Q40: 좌석 | R40: A308-5 | S40: A308-11 | T40: A308-17 | U40: A308-23 | V40: A308-29
B41: 반 | C41: =VLOOKUP(C40,'ET 시간 배정'!$B$187:$E$377,2,0) -> 0 | D41: =VLOOKUP(D40,'ET 시간 배정'!$B$187:$E$377,2,0) -> 0 | E41: =VLOOKUP(E40,'ET 시간 배정'!$B$187:$E$377,2,0) -> 0 | F41: =VLOOKUP(F40,'ET 시간 배정'!$B$187:$E$377,2,0) -> 0 | G41: =VLOOKUP(G40,'ET 시간 배정'!$B$187:$E$377,2,0) -> 0 | J41: 반 | K41: =VLOOKUP(K40,'ET 시간 배정'!$B$187:$E$377,2,0) -> 0 | L41: =VLOOKUP(L40,'ET 시간 배정'!$B$187:$E$377,2,0) -> 0 | M41: =VLOOKUP(M40,'ET 시간 배정'!$B$187:$E$377,2,0) -> 0 | N41: =VLOOKUP(N40,'ET 시간 배정'!$B$187:$E$377,2,0) -> 0 | O41: =VLOOKUP(O40,'ET 시간 배정'!$B$187:$E$377,2,0) -> 0 | Q41: 반 | R41: =VLOOKUP(R40,'ET 시간 배정'!$B$187:$E$377,2,0) -> 0 | S41: =VLOOKUP(S40,'ET 시간 배정'!$B$187:$E$377,2,0) -> 0 | T41: =VLOOKUP(T40,'ET 시간 배정'!$B$187:$E$377,2,0) -> 0 | U41: =VLOOKUP(U40,'ET 시간 배정'!$B$187:$E$377,2,0) -> 0 | V41: =VLOOKUP(V40,'ET 시간 배정'!$B$187:$E$377,2,0) -> 0
B42: 이름 | C42: =VLOOKUP(C40,'ET 시간 배정'!$B$187:$E$377,3,0) -> 0 | D42: =VLOOKUP(D40,'ET 시간 배정'!$B$187:$E$377,3,0) -> 0 | E42: =VLOOKUP(E40,'ET 시간 배정'!$B$187:$E$377,3,0) -> 0 | F42: =VLOOKUP(F40,'ET 시간 배정'!$B$187:$E$377,3,0) -> 0 | G42: =VLOOKUP(G40,'ET 시간 배정'!$B$187:$E$377,3,0) -> 0 | J42: 이름 | K42: =VLOOKUP(K40,'ET 시간 배정'!$B$187:$E$377,3,0) -> 0 | L42: =VLOOKUP(L40,'ET 시간 배정'!$B$187:$E$377,3,0) -> 0 | M42: =VLOOKUP(M40,'ET 시간 배정'!$B$187:$E$377,3,0) -> 0 | N42: =VLOOKUP(N40,'ET 시간 배정'!$B$187:$E$377,3,0) -> 0 | O42: =VLOOKUP(O40,'ET 시간 배정'!$B$187:$E$377,3,0) -> 0 | Q42: 이름 | R42: =VLOOKUP(R40,'ET 시간 배정'!$B$187:$E$377,3,0) -> 0 | S42: =VLOOKUP(S40,'ET 시간 배정'!$B$187:$E$377,3,0) -> 0 | T42: =VLOOKUP(T40,'ET 시간 배정'!$B$187:$E$377,3,0) -> 0 | U42: =VLOOKUP(U40,'ET 시간 배정'!$B$187:$E$377,3,0) -> 0 | V42: =VLOOKUP(V40,'ET 시간 배정'!$B$187:$E$377,3,0) -> 0
B43: 좌석 | C43: A301-6 | D43: A301-12 | E43: A301-18 | F43: A301-24 | G43: A301-30 | J43: 좌석 | K43: A302-6 | L43: A302-12 | M43: A302-18 | N43: A302-24 | O43: A302-30 | Q43: 좌석 | R43: A308-6 | S43: A308-12 | T43: A308-18 | U43: A308-24 | V43: A308-30
B44: 반 | C44: =VLOOKUP(C43,'ET 시간 배정'!$B$187:$E$377,2,0) -> 0 | D44: =VLOOKUP(D43,'ET 시간 배정'!$B$187:$E$377,2,0) -> 0 | E44: =VLOOKUP(E43,'ET 시간 배정'!$B$187:$E$377,2,0) -> 0 | F44: =VLOOKUP(F43,'ET 시간 배정'!$B$187:$E$377,2,0) -> 0 | G44: =VLOOKUP(G43,'ET 시간 배정'!$B$187:$E$377,2,0) -> 0 | J44: 반 | K44: =VLOOKUP(K43,'ET 시간 배정'!$B$187:$E$377,2,0) -> 0 | L44: =VLOOKUP(L43,'ET 시간 배정'!$B$187:$E$377,2,0) -> 0 | M44: =VLOOKUP(M43,'ET 시간 배정'!$B$187:$E$377,2,0) -> 0 | N44: =VLOOKUP(N43,'ET 시간 배정'!$B$187:$E$377,2,0) -> 0 | O44: =VLOOKUP(O43,'ET 시간 배정'!$B$187:$E$377,2,0) -> 0 | Q44: 반 | R44: =VLOOKUP(R43,'ET 시간 배정'!$B$187:$E$377,2,0) -> 0 | S44: =VLOOKUP(S43,'ET 시간 배정'!$B$187:$E$377,2,0) -> 0 | T44: =VLOOKUP(T43,'ET 시간 배정'!$B$187:$E$377,2,0) -> 0 | U44: =VLOOKUP(U43,'ET 시간 배정'!$B$187:$E$377,2,0) -> 0 | V44: =VLOOKUP(V43,'ET 시간 배정'!$B$187:$E$377,2,0) -> 0
